x,y,cell_id
14.75,0,1
49.84,2.8,2
34.8,137.2,3
101.64,173.6,4
66.5,156.8,5
17.98,75.6,6
33.49,168,7
0,0,8
8.94,30.8,9
51.51,176.4,10
8.76,14,11
0,14,12
40.8,2.8,13
123.89,176.4,14
32,53.2,15
28.64,2.8,16
0,131.6,17
120.41,173.6,18
90.29,176.4,19
54.64,170.8,20
110.13,170.8,21
182.7,25.2,22
156.21,8.4,23
0,142.8,24
20.31,30.8,25
19.23,0,26
75.92,30.8,27
102.59,142.8,28
114.48,154,29
0,58.8,30
85.71,176.4,31
39.5,159.6,32
131.63,28,33
115.83,142.8,34
97.45,162.4,35
150.89,36.4,36
93.73,30.8,37
134.1,39.2,38
113.99,44.8,39
94.5,159.6,40
108.58,142.8,41
15.54,162.4,42
22.38,114.8,43
10,151.2,44
34.46,100.8,45
81.84,75.6,46
16.69,145.6,47
172.39,100.8,48
4.04,140,49
80.71,134.4,50
31.6,25.2,51
106.47,154,52
138.04,103.6,53
75.52,95.2,54
170.46,134.4,55
43.65,53.2,56
76.4,58.8,57
15.53,25.2,58
50.83,28,59
31.48,5.6,60
32.37,19.6,61
82.29,11.2,62
99.69,78.4,63
144.44,117.6,64
33.31,25.2,65
10,89.6,66
94.12,58.8,67
166.57,92.4,68
19.6,98,69
46.43,16.8,70
32.87,8.4,71
180.82,131.6,72
55.16,16.8,73
68.57,156.8,74
50.32,162.4,75
4.18,117.6,76
18.05,134.4,77
110.17,58.8,78
22.17,75.6,79
134.06,16.8,80
161.81,16.8,81
68.81,28,82
21.35,162.4,83
57.78,0,84
29.83,19.6,85
34.16,92.4,86
5.45,128.8,87
33.38,165.2,88
145.31,109.2,89
63.6,75.6,90
117.65,154,91
120.31,123.2,92
156.9,95.2,93
96.76,36.4,94
58.6,78.4,95
163.19,44.8,96
39.98,142.8,97
13.67,112,98
28.44,8.4,99
36.14,131.6,100
0,148.4,101
7.53,137.2,102
30.91,126,103
153.17,8.4,104
42.25,112,105
154.59,42,106
38.5,142.8,107
111.97,44.8,108
119.5,42,109
4.89,56,110
148.31,112,111
80.68,126,112
87.09,126,113
128.76,120.4,114
161.71,142.8,115
55.63,103.6,116
39.3,92.4,117
86.72,53.2,118
111.27,140,119
112.08,39.2,120
30.49,36.4,121
117.45,126,122
79.21,92.4,123
136.28,61.6,124
25.43,36.4,125
106.62,72.8,126
54.54,33.6,127
142.84,33.6,128
88.16,89.6,129
136.34,151.2,130
2.76,137.2,131
102.44,61.6,132
53.78,36.4,133
60.2,109.2,134
55.15,142.8,135
26.22,14,136
23.19,44.8,137
0,33.6,138
32.5,2.8,139
0,151.2,140
174.85,148.4,141
142.62,170.8,142
4.4,53.2,143
3.92,44.8,144
13.46,58.8,145
9.44,142.8,146
1.43,154,147
54.52,25.2,148
54.55,44.8,149
41.67,30.8,150
54.22,39.2,151
94.46,142.8,152
52.76,137.2,153
9.78,140,154
7.03,47.6,155
0,16.8,156
6.66,16.8,157
167.27,145.6,158
106.29,67.2,159
153.15,75.6,160
32.38,33.6,161
21,14,162
38.78,22.4,163
39.99,11.2,164
19.08,33.6,165
25.45,33.6,166
25.22,22.4,167
29.92,11.2,168
2.12,58.8,169
92.74,81.2,170
166.74,78.4,171
96.93,81.2,172
129.04,148.4,173
90.33,81.2,174
171.58,67.2,175
163.79,81.2,176
166.02,67.2,177
19.62,58.8,178
136.26,156.8,179
128.24,154,180
41.49,22.4,181
28.89,67.2,182
38.55,33.6,183
15.94,67.2,184
35.1,159.6,185
116.68,134.4,186
19.87,170.8,187
120.86,156.8,188
0,8.4,189
49.67,33.6,190
64.45,154,191
37.32,140,192
55.4,140,193
18.42,103.6,194
27.81,109.2,195
16.74,131.6,196
34.88,42,197
21.3,72.8,198
11.84,39.2,199
108.23,120.4,200
12.73,137.2,201
20.78,126,202
26.31,44.8,203
20.39,39.2,204
39.05,156.8,205
141.03,126,206
79.62,156.8,207
144.87,137.2,208
160.59,137.2,209
177.22,131.6,210
50.5,42,211
47.29,120.4,212
43.7,173.6,213
136.93,128.8,214
15.36,151.2,215
24.46,140,216
142.3,159.6,217
0,140,218
79.26,36.4,219
14.27,14,220
45.63,28,221
36,8.4,222
14.81,131.6,223
37.82,109.2,224
5.72,109.2,225
0,28,226
87.31,165.2,227
75.92,173.6,228
64.9,28,229
127.17,42,230
12.97,126,231
113.85,137.2,232
0,84,233
9.97,72.8,234
0,75.6,235
145.89,33.6,236
123.98,39.2,237
109.22,5.6,238
82.92,142.8,239
25.84,78.4,240
31.97,78.4,241
103.01,39.2,242
94.48,39.2,243
91.08,30.8,244
28.54,100.8,245
65.69,142.8,246
66.69,142.8,247
117.27,33.6,248
89.06,123.2,249
11.33,145.6,250
4.82,134.4,251
148.64,145.6,252
135.75,33.6,253
19.6,134.4,254
96.66,131.6,255
15.75,117.6,256
65.59,131.6,257
62.09,140,258
26.04,114.8,259
46.3,131.6,260
27.46,154,261
0,89.6,262
6.54,75.6,263
84.53,154,264
53.31,131.6,265
10.6,126,266
15.57,78.4,267
9.16,78.4,268
109.8,120.4,269
166.14,112,270
133.08,154,271
124.07,100.8,272
106.57,151.2,273
144.67,120.4,274
25.18,137.2,275
24.82,151.2,276
35.79,148.4,277
117.19,117.6,278
125.34,140,279
162.41,159.6,280
142.74,123.2,281
39.76,36.4,282
30.34,151.2,283
73.2,142.8,284
55.91,173.6,285
77.7,89.6,286
136.19,123.2,287
136.46,117.6,288
116.07,137.2,289
128.69,78.4,290
148.24,131.6,291
158.44,131.6,292
89.52,159.6,293
126.33,168,294
133.79,28,295
145.53,131.6,296
129.78,151.2,297
109.15,159.6,298
127.43,168,299
97.69,151.2,300
128.17,64.4,301
110.29,30.8,302
75.04,5.6,303
85.23,5.6,304
156.05,137.2,305
119.06,30.8,306
135.29,142.8,307
148.51,142.8,308
111.34,114.8,309
108.32,95.2,310
113.98,5.6,311
63.49,137.2,312
89.75,78.4,313
45.16,75.6,314
105.98,114.8,315
119.88,89.6,316
89.37,5.6,317
115.4,89.6,318
85.95,140,319
85.85,36.4,320
57.01,30.8,321
128.22,39.2,322
165.48,151.2,323
108.45,53.2,324
106.79,50.4,325
121.3,16.8,326
125.23,114.8,327
136.04,2.8,328
144.89,2.8,329
144.91,50.4,330
131.02,114.8,331
104.96,11.2,332
152.86,50.4,333
13.9,30.8,334
96.07,173.6,335
89.31,142.8,336
74.22,170.8,337
72.72,44.8,338
88.3,173.6,339
21.72,53.2,340
28.89,22.4,341
73.04,11.2,342
64.45,11.2,343
44.22,36.4,344
50.64,44.8,345
10.73,36.4,346
33.03,44.8,347
6.56,39.2,348
59.06,44.8,349
23.12,42,350
46.98,50.4,351
0,72.8,352
25.4,30.8,353
117.09,39.2,354
94.27,47.6,355
120.9,42,356
48.65,72.8,357
14.95,19.6,358
27.94,53.2,359
25.98,42,360
63.05,44.8,361
42.5,61.6,362
35.69,28,363
28.79,137.2,364
40.25,44.8,365
27.64,39.2,366
30.21,39.2,367
47.82,44.8,368
10.59,39.2,369
9.25,19.6,370
50.34,120.4,371
51.65,140,372
7.63,61.6,373
61.95,44.8,374
38.31,28,375
49.07,44.8,376
31.9,16.8,377
130.13,5.6,378
16.66,8.4,379
179.53,44.8,380
39.84,114.8,381
75.91,86.8,382
48.19,117.6,383
27.54,30.8,384
17.11,86.8,385
167.21,140,386
123.68,28,387
45.13,64.4,388
156.63,140,389
139.74,89.6,390
124.38,84,391
154.63,92.4,392
148.58,140,393
46.66,128.8,394
73,28,395
14.3,5.6,396
51.71,64.4,397
76.05,159.6,398
10.88,64.4,399
21.47,64.4,400
75.72,36.4,401
38.23,0,402
20.49,8.4,403
0,64.4,404
44.44,33.6,405
176.92,50.4,406
179.52,50.4,407
175.83,53.2,408
156.75,53.2,409
136.71,47.6,410
43.41,33.6,411
67.88,142.8,412
130.65,128.8,413
170.49,123.2,414
116.42,47.6,415
139.15,56,416
121.7,50.4,417
131.15,98,418
130.3,28,419
82.96,8.4,420
158.87,44.8,421
99.13,117.6,422
27.34,128.8,423
160.18,134.4,424
41.99,89.6,425
177.29,142.8,426
154.34,134.4,427
124.9,142.8,428
131.54,142.8,429
63.4,123.2,430
127.91,142.8,431
117.39,56,432
99.61,128.8,433
152.46,142.8,434
117.55,142.8,435
139.05,5.6,436
142.47,8.4,437
164.34,2.8,438
151.94,11.2,439
148.9,0,440
134.14,58.8,441
142.26,114.8,442
136.71,28,443
121.61,19.6,444
123.55,19.6,445
147.71,44.8,446
43.96,134.4,447
110.04,142.8,448
61.85,36.4,449
33.81,47.6,450
38,128.8,451
171.5,134.4,452
159.79,148.4,453
156.21,151.2,454
144.05,44.8,455
16.66,61.6,456
127.89,92.4,457
20.93,92.4,458
122.8,44.8,459
69.23,165.2,460
145.18,44.8,461
121.8,36.4,462
102.76,25.2,463
82.62,47.6,464
97.65,100.8,465
155.31,120.4,466
151.8,2.8,467
155.14,11.2,468
106.1,56,469
110.55,39.2,470
140.26,0,471
107.35,5.6,472
96.49,33.6,473
133.8,42,474
110.01,33.6,475
109.53,36.4,476
30.08,92.4,477
126.35,61.6,478
91.39,33.6,479
124.61,42,480
144.44,42,481
123.28,47.6,482
113.16,33.6,483
118.94,56,484
120.58,44.8,485
111.15,70,486
89.65,75.6,487
87.8,114.8,488
25.85,92.4,489
130.25,8.4,490
19.23,100.8,491
164.17,25.2,492
0,98,493
163.91,36.4,494
107.35,25.2,495
142.49,100.8,496
102.18,103.6,497
114.12,128.8,498
165.28,117.6,499
169.38,154,500
117.7,123.2,501
58.96,123.2,502
71.76,106.4,503
79.73,117.6,504
146.84,142.8,505
141.46,142.8,506
154.23,22.4,507
115.73,19.6,508
5.02,142.8,509
160.41,33.6,510
81.16,131.6,511
141.56,28,512
144.04,134.4,513
119.03,148.4,514
22,117.6,515
62.51,78.4,516
45.64,162.4,517
40.03,128.8,518
147.45,120.4,519
22.27,128.8,520
34.31,128.8,521
0,70,522
149,11.2,523
95.09,170.8,524
146.41,137.2,525
169,142.8,526
138.1,137.2,527
155.4,33.6,528
125.14,148.4,529
73.94,47.6,530
135.29,148.4,531
65.42,170.8,532
3.91,78.4,533
88.81,103.6,534
128.6,100.8,535
130.08,56,536
165.29,44.8,537
120.39,75.6,538
112.78,47.6,539
148.7,33.6,540
131.13,47.6,541
142.56,47.6,542
140.02,44.8,543
138.09,44.8,544
118.26,112,545
129.97,47.6,546
162.38,33.6,547
88.38,47.6,548
108.23,33.6,549
153.33,44.8,550
175.7,33.6,551
107.02,47.6,552
174.57,44.8,553
162.96,50.4,554
169.9,44.8,555
140.92,39.2,556
2.73,36.4,557
18.2,56,558
27.76,56,559
127.71,103.6,560
0,103.6,561
24.16,56,562
21.21,36.4,563
153.65,148.4,564
115.48,28,565
159.41,50.4,566
166.43,36.4,567
145.76,120.4,568
75.22,70,569
114.8,56,570
76.84,67.2,571
120.3,5.6,572
20.81,176.4,573
150.21,120.4,574
82.84,56,575
46.67,134.4,576
71.07,14,577
38.28,8.4,578
107.98,2.8,579
111.08,2.8,580
66.91,112,581
130.55,75.6,582
24.96,103.6,583
41.38,86.8,584
69.3,78.4,585
28.29,75.6,586
64.93,30.8,587
100.63,44.8,588
46.04,30.8,589
97.01,2.8,590
46.39,56,591
26.48,103.6,592
27.17,106.4,593
39.51,100.8,594
167.79,126,595
28.84,165.2,596
63.87,173.6,597
35.52,103.6,598
106.24,92.4,599
15.96,89.6,600
122.76,86.8,601
16.81,78.4,602
70.07,75.6,603
132.68,2.8,604
49,78.4,605
59.43,50.4,606
10.84,75.6,607
57.98,75.6,608
126.58,56,609
146.73,64.4,610
105.92,78.4,611
111.33,22.4,612
85.02,64.4,613
24.44,95.2,614
39.97,0,615
2.93,123.2,616
20.92,89.6,617
75.2,2.8,618
26.57,61.6,619
28.32,95.2,620
38.67,78.4,621
25.17,89.6,622
10.15,103.6,623
41.69,148.4,624
25.67,176.4,625
119.45,95.2,626
132.24,123.2,627
171.06,142.8,628
138.23,95.2,629
139.8,81.2,630
164.71,162.4,631
145.83,92.4,632
114.27,103.6,633
87.28,75.6,634
73.79,78.4,635
64.37,14,636
35.15,25.2,637
102.67,84,638
144.55,30.8,639
151.08,30.8,640
35.89,84,641
45.5,103.6,642
59.99,25.2,643
80.39,78.4,644
31.18,61.6,645
30.79,30.8,646
90.11,89.6,647
167.16,134.4,648
103.1,14,649
161.28,140,650
45.79,0,651
117.62,11.2,652
148.55,53.2,653
79.24,2.8,654
71.5,170.8,655
59.5,154,656
13.82,134.4,657
57.31,140,658
21.78,95.2,659
11.07,89.6,660
17.2,154,661
4.67,154,662
28.97,173.6,663
3.64,30.8,664
58.31,120.4,665
44.83,120.4,666
25.79,148.4,667
5.65,86.8,668
40.5,131.6,669
0,86.8,670
12.11,95.2,671
12.43,86.8,672
4.63,151.2,673
10.27,156.8,674
6.22,112,675
14.49,162.4,676
44.08,165.2,677
39.82,134.4,678
32.45,173.6,679
24.96,170.8,680
99.51,142.8,681
15.53,128.8,682
68.69,140,683
52.05,142.8,684
58.72,131.6,685
116.26,67.2,686
129.47,67.2,687
116.28,75.6,688
132.73,103.6,689
114.2,58.8,690
145.59,67.2,691
136.68,25.2,692
99.47,50.4,693
126.18,58.8,694
74.37,145.6,695
94.57,98,696
139.52,92.4,697
65.04,95.2,698
150.25,75.6,699
73.27,58.8,700
70.54,145.6,701
120.52,56,702
94.02,103.6,703
45.02,156.8,704
160.87,106.4,705
158.01,70,706
168.28,53.2,707
162.32,53.2,708
85.88,78.4,709
88.52,84,710
132.87,25.2,711
44.05,75.6,712
96.79,64.4,713
90.61,61.6,714
82.12,33.6,715
78.2,58.8,716
100.2,56,717
157.93,58.8,718
82.95,61.6,719
131.21,67.2,720
96.65,75.6,721
122.47,112,722
4.15,98,723
15.47,100.8,724
44.86,140,725
45.69,165.2,726
8.76,98,727
107.87,84,728
116.36,95.2,729
165.06,100.8,730
111.23,95.2,731
111.21,89.6,732
81.6,84,733
122.03,100.8,734
103.37,106.4,735
139.6,100.8,736
101.45,98,737
167.98,86.8,738
133.49,100.8,739
107.81,89.6,740
129.02,95.2,741
101.66,95.2,742
114.82,106.4,743
114.78,92.4,744
111.73,81.2,745
113.46,84,746
125.32,19.6,747
114.73,100.8,748
127.16,5.6,749
122.25,25.2,750
110.8,92.4,751
5.64,95.2,752
0,95.2,753
49.76,58.8,754
150.4,64.4,755
67.98,151.2,756
107.86,100.8,757
21.97,25.2,758
126.93,112,759
40.2,137.2,760
95.83,123.2,761
105.73,131.6,762
172.69,131.6,763
115.34,112,764
167.02,131.6,765
52.12,11.2,766
4.11,173.6,767
147.43,100.8,768
13.79,44.8,769
78.6,75.6,770
0,165.2,771
81.9,0,772
11.79,165.2,773
38.38,53.2,774
7.43,162.4,775
155.19,126,776
10.27,120.4,777
112.41,103.6,778
118.02,2.8,779
130.53,0,780
59.55,137.2,781
15.72,56,782
114.8,120.4,783
164.33,131.6,784
93.55,151.2,785
133.71,126,786
4.47,92.4,787
4.57,25.2,788
1.81,50.4,789
21.89,106.4,790
56.92,151.2,791
79.24,140,792
150.58,134.4,793
34.97,39.2,794
34.09,134.4,795
23.01,112,796
55.07,137.2,797
133.07,92.4,798
91.26,42,799
146.08,16.8,800
80.66,112,801
156.63,30.8,802
135.37,30.8,803
122.29,106.4,804
30.25,112,805
113.93,53.2,806
104.63,19.6,807
100.05,39.2,808
77.97,50.4,809
140.52,67.2,810
27.7,92.4,811
138.98,98,812
30.98,50.4,813
145.61,89.6,814
146.23,36.4,815
112.56,50.4,816
28.77,103.6,817
151.41,42,818
139.79,33.6,819
101.47,89.6,820
1.34,103.6,821
122.79,61.6,822
79.85,50.4,823
96.63,39.2,824
94.38,92.4,825
121.29,103.6,826
35.24,92.4,827
136.41,98,828
40.25,67.2,829
61.68,92.4,830
124.5,56,831
159.28,14,832
65.53,8.4,833
105.57,61.6,834
71.51,8.4,835
121.71,8.4,836
79.1,19.6,837
82.8,16.8,838
81.13,16.8,839
46.35,42,840
82.8,92.4,841
96.19,67.2,842
160.62,28,843
20.47,19.6,844
112.19,8.4,845
79.17,103.6,846
172.12,28,847
181.52,33.6,848
126.85,106.4,849
127.7,19.6,850
147.48,148.4,851
127.34,16.8,852
73.7,19.6,853
63.73,19.6,854
101.74,42,855
76.08,42,856
77.32,64.4,857
70.01,11.2,858
125.88,8.4,859
136.6,56,860
177.5,33.6,861
165.56,33.6,862
106.66,58.8,863
144.65,140,864
100.86,176.4,865
74.46,165.2,866
156.76,159.6,867
111.03,173.6,868
127.4,173.6,869
7.21,168,870
23.03,131.6,871
0,168,872
69.79,22.4,873
58.58,86.8,874
59.01,173.6,875
148.41,134.4,876
114.86,134.4,877
170.86,173.6,878
109.95,75.6,879
2.13,159.6,880
5.2,156.8,881
118.22,98,882
134.66,19.6,883
75.48,22.4,884
56.72,126,885
164.03,5.6,886
91.2,120.4,887
141.92,11.2,888
109.03,14,889
100.43,47.6,890
72.7,92.4,891
137.92,81.2,892
63.35,92.4,893
57.47,128.8,894
103.81,86.8,895
151.29,154,896
16.8,106.4,897
100.84,145.6,898
130.19,140,899
74.31,92.4,900
41.37,117.6,901
79.74,106.4,902
37.85,86.8,903
167.35,95.2,904
47.57,86.8,905
101.97,140,906
7.55,123.2,907
118.46,120.4,908
92.02,140,909
72.21,128.8,910
88.91,95.2,911
55.9,128.8,912
69.36,114.8,913
111.56,126,914
54.21,134.4,915
123.2,131.6,916
36.74,106.4,917
85.36,2.8,918
48.38,22.4,919
83.77,159.6,920
43.03,126,921
43.44,81.2,922
78.87,22.4,923
54.98,114.8,924
64.51,145.6,925
90.87,162.4,926
24.9,39.2,927
146.57,28,928
105.01,145.6,929
94.93,134.4,930
89.1,145.6,931
52.05,134.4,932
10.21,114.8,933
53.91,22.4,934
61.46,100.8,935
74.85,100.8,936
35.46,89.6,937
67.62,117.6,938
84.92,162.4,939
170.08,64.4,940
32.79,75.6,941
137.42,126,942
122.74,126,943
64.28,109.2,944
68.47,109.2,945
70.63,109.2,946
16.8,75.6,947
25.54,126,948
129.85,134.4,949
142.46,142.8,950
31.04,86.8,951
19.88,78.4,952
121.47,140,953
43.76,140,954
33.67,50.4,955
55.03,78.4,956
25.81,19.6,957
69.93,106.4,958
57.53,145.6,959
97.05,145.6,960
98.49,120.4,961
63.91,114.8,962
30.56,42,963
64.87,16.8,964
13.27,106.4,965
16.95,16.8,966
37.12,5.6,967
90.78,145.6,968
35.53,126,969
138.36,140,970
18.32,42,971
45.85,78.4,972
51.34,16.8,973
74.81,114.8,974
59.83,140,975
105.65,140,976
97.16,120.4,977
67.05,114.8,978
48.95,53.2,979
69.46,30.8,980
29.69,89.6,981
28.77,28,982
105.38,2.8,983
97,140,984
53.98,126,985
159.31,145.6,986
24.65,98,987
115.41,109.2,988
57.64,142.8,989
143.16,58.8,990
154.71,50.4,991
115.88,61.6,992
0,100.8,993
124.89,98,994
64.23,100.8,995
126.91,53.2,996
22.55,109.2,997
65.5,98,998
17.79,64.4,999
140.46,75.6,1000
26.58,145.6,1001
166.22,145.6,1002
35.87,98,1003
102.38,92.4,1004
21.95,145.6,1005
132.31,58.8,1006
142.91,53.2,1007
166.03,95.2,1008
29.92,98,1009
146.63,39.2,1010
42.51,95.2,1011
101.62,36.4,1012
35.3,109.2,1013
105.93,109.2,1014
29.52,70,1015
159.83,117.6,1016
31.05,148.4,1017
133.73,56,1018
162.13,148.4,1019
115.38,72.8,1020
122.74,120.4,1021
113.42,61.6,1022
64.92,72.8,1023
101.56,100.8,1024
39.21,95.2,1025
132.2,81.2,1026
28.88,81.2,1027
85.46,98,1028
54.09,98,1029
147.18,86.8,1030
60.32,72.8,1031
117.86,100.8,1032
41.29,98,1033
130.52,92.4,1034
51.2,81.2,1035
72.56,140,1036
62.95,0,1037
37.67,81.2,1038
62.69,148.4,1039
62.8,151.2,1040
72.71,109.2,1041
0,36.4,1042
62.7,2.8,1043
173.26,36.4,1044
73.06,173.6,1045
86.62,134.4,1046
13.73,168,1047
172.29,173.6,1048
2.16,106.4,1049
141,173.6,1050
95.13,176.4,1051
10.8,81.2,1052
71.46,120.4,1053
151.07,86.8,1054
3.99,109.2,1055
164.26,42,1056
10.1,134.4,1057
139.16,173.6,1058
33.92,159.6,1059
117.72,8.4,1060
22.38,159.6,1061
127.04,170.8,1062
16.63,170.8,1063
92.49,128.8,1064
17.7,159.6,1065
138.43,170.8,1066
11.61,159.6,1067
103.67,5.6,1068
87.83,8.4,1069
161.76,8.4,1070
157.3,8.4,1071
148.05,8.4,1072
82.71,81.2,1073
87.49,67.2,1074
108.3,126,1075
83.07,128.8,1076
10.47,162.4,1077
34.62,131.6,1078
103.75,176.4,1079
100.93,162.4,1080
8.6,159.6,1081
77.09,81.2,1082
18.05,131.6,1083
40.54,53.2,1084
64.63,58.8,1085
16.6,11.2,1086
0,11.2,1087
83.94,151.2,1088
121.39,154,1089
10.97,11.2,1090
9.72,16.8,1091
124.2,92.4,1092
69.65,58.8,1093
118.53,92.4,1094
85.28,173.6,1095
46.98,137.2,1096
27.7,86.8,1097
22.45,86.8,1098
115.04,176.4,1099
152.6,173.6,1100
37.16,173.6,1101
6.58,131.6,1102
9.26,11.2,1103
24.46,0,1104
70.01,128.8,1105
82.12,159.6,1106
19.35,14,1107
98.31,81.2,1108
59.48,159.6,1109
150,72.8,1110
99.83,159.6,1111
28.94,112,1112
92.28,67.2,1113
48.66,170.8,1114
91.16,131.6,1115
132.2,131.6,1116
62.51,165.2,1117
130.71,70,1118
97.06,70,1119
164.54,70,1120
147.58,103.6,1121
179.25,86.8,1122
168.69,148.4,1123
73.94,117.6,1124
61.14,170.8,1125
44.03,170.8,1126
76.13,170.8,1127
47.2,140,1128
56.88,165.2,1129
4,176.4,1130
94.85,173.6,1131
157.66,92.4,1132
14.16,173.6,1133
72.47,131.6,1134
38.72,112,1135
20.44,140,1136
30.25,131.6,1137
103.68,162.4,1138
37.39,112,1139
74,75.6,1140
52.85,170.8,1141
20.34,128.8,1142
74.43,128.8,1143
66.57,137.2,1144
54.62,176.4,1145
97.72,56,1146
17.7,168,1147
125.38,117.6,1148
56.78,162.4,1149
144.85,86.8,1150
47.28,156.8,1151
138.51,156.8,1152
165.27,156.8,1153
79.7,173.6,1154
33.35,176.4,1155
64.04,156.8,1156
42.83,176.4,1157
18.31,145.6,1158
154.71,106.4,1159
67.32,84,1160
19.19,36.4,1161
110.65,61.6,1162
12.29,84,1163
19.79,162.4,1164
99.69,131.6,1165
62.83,84,1166
11.76,112,1167
17.63,112,1168
69.68,173.6,1169
120.38,78.4,1170
106.68,8.4,1171
122.65,53.2,1172
152.45,176.4,1173
170.45,170.8,1174
176.58,165.2,1175
148.36,176.4,1176
59.59,114.8,1177
101.25,114.8,1178
102.17,137.2,1179
106.58,123.2,1180
123.64,134.4,1181
154.33,168,1182
170.7,156.8,1183
117.76,168,1184
169.38,170.8,1185
147.11,42,1186
112.53,165.2,1187
137.84,154,1188
47.74,151.2,1189
95.59,78.4,1190
43.51,92.4,1191
95.98,109.2,1192
101.91,151.2,1193
26.21,109.2,1194
56.38,109.2,1195
0,112,1196
15.04,109.2,1197
5.27,176.4,1198
120.48,67.2,1199
54.17,92.4,1200
14.34,103.6,1201
175.55,86.8,1202
147.98,170.8,1203
129.92,156.8,1204
124.52,162.4,1205
169.24,162.4,1206
149.88,156.8,1207
158.81,156.8,1208
140.6,120.4,1209
50.34,100.8,1210
20.72,95.2,1211
57.45,109.2,1212
19.08,95.2,1213
178.1,173.6,1214
12.87,109.2,1215
44.06,109.2,1216
0,106.4,1217
154.88,162.4,1218
61.88,86.8,1219
150.29,162.4,1220
154.63,159.6,1221
152.83,159.6,1222
15.04,86.8,1223
17.25,84,1224
156.53,78.4,1225
140.64,109.2,1226
34.9,114.8,1227
153.18,117.6,1228
156.36,154,1229
123.96,159.6,1230
70.28,98,1231
118.79,117.6,1232
145.21,75.6,1233
184.02,173.6,1234
15.74,95.2,1235
95.72,61.6,1236
121.84,137.2,1237
64.48,117.6,1238
41.43,145.6,1239
30.96,95.2,1240
46,100.8,1241
96.62,25.2,1242
3.8,39.2,1243
108,168,1244
9.63,47.6,1245
77.45,168,1246
36.34,154,1247
51.77,120.4,1248
41.41,120.4,1249
9.71,106.4,1250
7.69,134.4,1251
140.4,42,1252
3.13,89.6,1253
161.77,92.4,1254
76.95,78.4,1255
111.96,64.4,1256
9.64,25.2,1257
156.23,89.6,1258
48.59,36.4,1259
146.75,151.2,1260
55.49,58.8,1261
144.2,103.6,1262
5.37,114.8,1263
150.88,117.6,1264
36.81,53.2,1265
159.34,84,1266
19.22,159.6,1267
170.11,53.2,1268
23.2,100.8,1269
119.65,84,1270
33.21,145.6,1271
141.11,61.6,1272
45.76,67.2,1273
141.75,84,1274
39.43,81.2,1275
157.27,36.4,1276
37.35,64.4,1277
148.79,30.8,1278
49.49,109.2,1279
94.43,114.8,1280
53.93,50.4,1281
158.29,128.8,1282
36.95,151.2,1283
33.95,162.4,1284
103.42,109.2,1285
135,89.6,1286
119.12,165.2,1287
139.69,142.8,1288
139.24,86.8,1289
143.74,106.4,1290
125.68,81.2,1291
53.61,151.2,1292
40.5,159.6,1293
69.47,84,1294
50.72,86.8,1295
107.81,128.8,1296
47.99,92.4,1297
115.8,86.8,1298
41.73,159.6,1299
35.23,2.8,1300
39.51,173.6,1301
111.54,170.8,1302
113.14,159.6,1303
6.56,148.4,1304
73.07,123.2,1305
80.92,114.8,1306
154.21,39.2,1307
123.58,11.2,1308
111.62,131.6,1309
26.34,170.8,1310
90.38,58.8,1311
48.25,58.8,1312
111.11,162.4,1313
17.13,81.2,1314
121.22,86.8,1315
6.87,154,1316
45.46,142.8,1317
41.77,142.8,1318
59.18,142.8,1319
70.22,142.8,1320
24.61,176.4,1321
36.93,176.4,1322
31.51,168,1323
53.73,154,1324
38.17,162.4,1325
88.74,165.2,1326
80.92,165.2,1327
149.29,81.2,1328
141.15,176.4,1329
50.19,145.6,1330
156.33,70,1331
138.74,117.6,1332
120.22,98,1333
155.2,86.8,1334
126.52,70,1335
89.16,151.2,1336
118.72,145.6,1337
173.56,134.4,1338
173.17,159.6,1339
95.07,151.2,1340
140.59,151.2,1341
161.67,95.2,1342
174.02,95.2,1343
175.45,75.6,1344
172.37,58.8,1345
134.2,109.2,1346
131.98,145.6,1347
41,151.2,1348
159.08,151.2,1349
167.8,92.4,1350
117.86,58.8,1351
27.28,64.4,1352
64.15,64.4,1353
54.51,95.2,1354
90.18,70,1355
83.81,70,1356
133.3,70,1357
133.64,131.6,1358
120.37,109.2,1359
131.5,162.4,1360
161.84,58.8,1361
135.87,159.6,1362
149.01,106.4,1363
138,84,1364
148.5,162.4,1365
160.33,154,1366
121.83,162.4,1367
138.33,162.4,1368
118.1,162.4,1369
97.88,84,1370
147.51,58.8,1371
123.69,58.8,1372
0,78.4,1373
116.82,64.4,1374
102.75,148.4,1375
144.67,154,1376
110.36,159.6,1377
116.03,140,1378
112.63,148.4,1379
109.58,78.4,1380
59.45,39.2,1381
33.03,61.6,1382
55.97,100.8,1383
77.6,123.2,1384
162.82,112,1385
68.08,86.8,1386
15.18,123.2,1387
169.22,103.6,1388
172.84,120.4,1389
151.79,123.2,1390
143.09,64.4,1391
137.15,168,1392
139.66,156.8,1393
113.39,162.4,1394
147.97,173.6,1395
145.51,173.6,1396
83.94,89.6,1397
98.06,148.4,1398
130.62,168,1399
93.24,168,1400
145.67,162.4,1401
104.66,170.8,1402
147.99,78.4,1403
138.84,58.8,1404
112.97,64.4,1405
133.08,30.8,1406
69.16,126,1407
87.92,42,1408
127.07,120.4,1409
101.31,112,1410
122.27,168,1411
143.46,36.4,1412
172.08,50.4,1413
173.04,145.6,1414
62.5,30.8,1415
22.5,61.6,1416
45.59,72.8,1417
61.33,53.2,1418
39.37,75.6,1419
94.45,53.2,1420
99.06,72.8,1421
80.18,30.8,1422
99.7,30.8,1423
79.64,25.2,1424
153.61,156.8,1425
164.62,67.2,1426
157.57,81.2,1427
129.55,109.2,1428
154.27,72.8,1429
138.35,165.2,1430
112.38,109.2,1431
182.28,168,1432
174.49,176.4,1433
81.74,176.4,1434
149.01,168,1435
171.98,16.8,1436
176.41,81.2,1437
175.69,170.8,1438
158.98,42,1439
117.36,170.8,1440
120.01,128.8,1441
173.2,47.6,1442
94.44,109.2,1443
51.35,75.6,1444
120.38,151.2,1445
113.43,117.6,1446
145.2,156.8,1447
104.37,89.6,1448
128.17,84,1449
72.16,2.8,1450
58.02,112,1451
122.87,2.8,1452
11.1,123.2,1453
6.48,8.4,1454
116.18,120.4,1455
32.09,0,1456
146.27,84,1457
123.86,120.4,1458
142.27,89.6,1459
165.02,58.8,1460
162.22,64.4,1461
181.18,58.8,1462
151.34,56,1463
121.89,78.4,1464
170.63,72.8,1465
130.98,72.8,1466
147.08,72.8,1467
133.88,142.8,1468
44.23,123.2,1469
66.85,89.6,1470
154.32,128.8,1471
153.03,109.2,1472
171.52,106.4,1473
179.75,140,1474
119.3,134.4,1475
172.84,137.2,1476
187.59,86.8,1477
174.76,114.8,1478
181.5,123.2,1479
135.68,120.4,1480
169.89,106.4,1481
141.72,140,1482
170.72,140,1483
85.87,106.4,1484
102.08,128.8,1485
122.62,140,1486
87.01,123.2,1487
162.97,123.2,1488
141.85,148.4,1489
174.3,67.2,1490
106.54,148.4,1491
170.99,176.4,1492
161.89,173.6,1493
164.9,168,1494
178.74,16.8,1495
179.45,109.2,1496
169.63,176.4,1497
168.48,39.2,1498
101.4,170.8,1499
176.06,128.8,1500
124.18,109.2,1501
144.14,114.8,1502
118.73,128.8,1503
134.43,165.2,1504
67.23,123.2,1505
160.29,168,1506
152.49,78.4,1507
160.13,70,1508
181.77,64.4,1509
128.47,145.6,1510
53.71,123.2,1511
67.01,61.6,1512
44.43,117.6,1513
29.12,117.6,1514
75.56,28,1515
30.82,117.6,1516
40.4,47.6,1517
87.71,109.2,1518
76.94,33.6,1519
90.22,84,1520
92.63,84,1521
38.2,123.2,1522
132.16,117.6,1523
91.91,106.4,1524
145.23,112,1525
115.8,103.6,1526
91.33,95.2,1527
41.44,64.4,1528
42.71,106.4,1529
59.89,61.6,1530
25.49,117.6,1531
65.04,61.6,1532
81.16,123.2,1533
37.78,117.6,1534
57.44,64.4,1535
56.23,64.4,1536
56.8,89.6,1537
126.41,95.2,1538
143.98,112,1539
114.31,114.8,1540
94.8,106.4,1541
124.35,128.8,1542
164.23,47.6,1543
116.22,145.6,1544
149.9,103.6,1545
11.79,8.4,1546
33.67,106.4,1547
59.28,0,1548
118.42,131.6,1549
14.89,42,1550
1.51,117.6,1551
88.4,2.8,1552
54.69,64.4,1553
70.98,103.6,1554
143.4,126,1555
113.4,151.2,1556
106.89,117.6,1557
125.8,156.8,1558
153.7,100.8,1559
147.68,123.2,1560
86.32,95.2,1561
151.05,95.2,1562
46.49,39.2,1563
176.29,2.8,1564
178.86,0,1565
134.13,137.2,1566
5.32,70,1567
134.27,176.4,1568
150.98,148.4,1569
85.44,8.4,1570
87.23,148.4,1571
3.74,61.6,1572
97.54,128.8,1573
163.95,120.4,1574
97.44,95.2,1575
103.95,100.8,1576
90.1,112,1577
88.97,98,1578
132.07,53.2,1579
149.35,109.2,1580
41.93,84,1581
144.77,95.2,1582
74.06,33.6,1583
71.71,42,1584
76.21,64.4,1585
81.32,95.2,1586
61.19,39.2,1587
108.81,112,1588
89.38,61.6,1589
58.62,16.8,1590
79.04,81.2,1591
89.66,134.4,1592
43.74,61.6,1593
143.47,128.8,1594
55.65,148.4,1595
131.8,109.2,1596
152.82,28,1597
63.73,16.8,1598
67.78,22.4,1599
90.73,11.2,1600
0,156.8,1601
50.4,168,1602
59.93,19.6,1603
123.63,75.6,1604
73.19,81.2,1605
165.9,22.4,1606
0,81.2,1607
174.3,126,1608
92.54,2.8,1609
128.51,89.6,1610
3.1,11.2,1611
171.45,75.6,1612
51.62,14,1613
164.32,159.6,1614
1.8,42,1615
168.4,64.4,1616
34.46,70,1617
153.55,176.4,1618
71.32,100.8,1619
187.85,5.6,1620
34.31,81.2,1621
96.46,5.6,1622
25.83,81.2,1623
109.05,70,1624
50.03,16.8,1625
180.44,112,1626
29.85,16.8,1627
179.2,72.8,1628
55.74,11.2,1629
169.54,137.2,1630
27.1,58.8,1631
157.74,47.6,1632
17.53,53.2,1633
147.46,114.8,1634
22.89,16.8,1635
178.5,112,1636
35.56,70,1637
147.43,109.2,1638
18.05,39.2,1639
8.06,33.6,1640
87.46,16.8,1641
29.85,120.4,1642
141.29,14,1643
77.19,72.8,1644
4.14,70,1645
9.57,117.6,1646
55.72,92.4,1647
160.95,109.2,1648
60.43,81.2,1649
78.44,39.2,1650
137.9,14,1651
158.16,109.2,1652
12.77,19.6,1653
67.21,53.2,1654
0,92.4,1655
102.75,53.2,1656
29.08,109.2,1657
109,19.6,1658
22.19,47.6,1659
37.09,47.6,1660
22.5,22.4,1661
115.8,22.4,1662
64.66,120.4,1663
49.89,47.6,1664
170.3,5.6,1665
34.79,67.2,1666
86.95,36.4,1667
17.97,36.4,1668
125.05,39.2,1669
77.32,44.8,1670
92.82,47.6,1671
94.85,42,1672
16.41,47.6,1673
42.99,56,1674
131.17,33.6,1675
85.97,44.8,1676
13.29,42,1677
17.19,109.2,1678
47.12,126,1679
93.12,56,1680
11.4,47.6,1681
92.59,36.4,1682
63.65,47.6,1683
154.27,58.8,1684
16.06,19.6,1685
100.78,28,1686
27.41,142.8,1687
110.95,56,1688
85,145.6,1689
147.47,22.4,1690
11.33,16.8,1691
64.61,67.2,1692
16.77,92.4,1693
5.87,117.6,1694
39.79,70,1695
170.31,33.6,1696
81.85,145.6,1697
114.97,16.8,1698
174.22,112,1699
42.06,16.8,1700
68.61,95.2,1701
1.85,81.2,1702
109.31,56,1703
104.15,159.6,1704
13.86,140,1705
118.93,28,1706
56.84,22.4,1707
67.15,126,1708
9.6,22.4,1709
128.87,22.4,1710
56.3,36.4,1711
35.15,140,1712
162.02,42,1713
58.75,148.4,1714
162.89,134.4,1715
76.06,16.8,1716
143.93,16.8,1717
103.36,120.4,1718
109.97,16.8,1719
0,137.2,1720
139.03,22.4,1721
82.36,86.8,1722
84.5,30.8,1723
107.64,11.2,1724
1.83,70,1725
85.31,39.2,1726
7.23,109.2,1727
35.74,30.8,1728
100.09,67.2,1729
31.01,154,1730
87.6,56,1731
159.66,16.8,1732
56.93,25.2,1733
82.61,67.2,1734
15.01,120.4,1735
118.54,22.4,1736
16.54,36.4,1737
12.46,148.4,1738
134.24,5.6,1739
4.63,28,1740
17.23,126,1741
8.56,22.4,1742
109.11,11.2,1743
20.94,109.2,1744
37.2,39.2,1745
99.15,95.2,1746
0,128.8,1747
89.66,44.8,1748
100.16,61.6,1749
169.59,30.8,1750
36.68,120.4,1751
71.61,95.2,1752
80.79,22.4,1753
100.35,11.2,1754
84.23,131.6,1755
151.96,14,1756
7.17,28,1757
0,117.6,1758
21.43,120.4,1759
107.02,103.6,1760
0,145.6,1761
104.33,36.4,1762
39.76,145.6,1763
33.34,95.2,1764
51.24,95.2,1765
116.25,53.2,1766
23.11,120.4,1767
125.52,30.8,1768
61.31,95.2,1769
105.9,42,1770
114.11,86.8,1771
106.94,36.4,1772
28.77,114.8,1773
138.61,159.6,1774
32.81,142.8,1775
77.39,14,1776
92.51,154,1777
91.25,28,1778
85.47,28,1779
93.29,14,1780
97.26,154,1781
83.96,50.4,1782
71.55,159.6,1783
87.95,168,1784
5.72,64.4,1785
106.58,22.4,1786
3.77,47.6,1787
126.94,2.8,1788
62.79,39.2,1789
83.64,148.4,1790
34.09,2.8,1791
102.71,159.6,1792
74.47,50.4,1793
103.32,11.2,1794
87.36,50.4,1795
92.37,165.2,1796
25.93,67.2,1797
97.05,126,1798
5.86,50.4,1799
116.29,168,1800
39.42,165.2,1801
89.21,39.2,1802
20.52,67.2,1803
73.61,5.6,1804
67.68,67.2,1805
80.04,151.2,1806
6.63,5.6,1807
75.53,98,1808
77.47,53.2,1809
69.01,137.2,1810
59.18,162.4,1811
64.12,98,1812
46.03,168,1813
73.19,0,1814
86.97,14,1815
57,8.4,1816
82.93,42,1817
81.83,28,1818
73.35,151.2,1819
56.01,106.4,1820
102.68,70,1821
155.38,67.2,1822
1.64,168,1823
120.22,114.8,1824
32.08,58.8,1825
78.69,0,1826
84.67,156.8,1827
96.47,156.8,1828
2.73,0,1829
0,176.4,1830
102.06,78.4,1831
185.33,16.8,1832
15.86,154,1833
177.98,61.6,1834
62.87,126,1835
184.41,28,1836
9.63,84,1837
180.75,81.2,1838
33.68,103.6,1839
164.07,114.8,1840
66.86,81.2,1841
82.45,98,1842
0,19.6,1843
150.68,22.4,1844
51.25,165.2,1845
158.42,173.6,1846
44.21,28,1847
179.9,98,1848
10.88,154,1849
183.5,156.8,1850
90.15,126,1851
185.44,103.6,1852
4.6,84,1853
171.01,168,1854
60.2,58.8,1855
169.07,114.8,1856
64.61,81.2,1857
104.53,81.2,1858
13.28,28,1859
113.2,98,1860
23.24,162.4,1861
157,173.6,1862
36.49,14,1863
103.97,16.8,1864
47.45,159.6,1865
161.3,56,1866
22.98,8.4,1867
166.17,8.4,1868
5.86,126,1869
179.22,75.6,1870
21.37,22.4,1871
171.37,11.2,1872
29.64,162.4,1873
85.01,81.2,1874
38.13,16.8,1875
115.87,11.2,1876
42.5,120.4,1877
125.49,176.4,1878
23.04,11.2,1879
175.58,11.2,1880
30.21,168,1881
126.51,154,1882
48.38,11.2,1883
125.21,14,1884
27.44,131.6,1885
154.46,170.8,1886
17.72,14,1887
113.87,0,1888
40.17,162.4,1889
162.43,61.6,1890
50.16,5.6,1891
156.91,22.4,1892
73.07,120.4,1893
168.39,75.6,1894
5.81,22.4,1895
176.15,98,1896
12.61,98,1897
163.3,56,1898
47.32,98,1899
107.7,56,1900
23.39,81.2,1901
178.43,64.4,1902
38.51,70,1903
178.23,120.4,1904
54.36,81.2,1905
103.98,126,1906
5.73,67.2,1907
123.92,0,1908
16.38,156.8,1909
122.09,170.8,1910
0,42,1911
170.75,98,1912
17.67,98,1913
181.69,56,1914
88.34,100.8,1915
80.4,47.6,1916
8.57,81.2,1917
179.86,78.4,1918
27.22,114.8,1919
170.43,120.4,1920
53.02,89.6,1921
99.05,112,1922
12.31,70,1923
133.82,0,1924
1.71,148.4,1925
115.12,170.8,1926
0,47.6,1927
157.84,98,1928
1.51,98,1929
183.92,58.8,1930
87.33,100.8,1931
78.48,47.6,1932
3.45,100.8,1933
184.85,67.2,1934
66.45,92.4,1935
184.27,120.4,1936
58.52,81.2,1937
61.49,128.8,1938
18.54,70,1939
94.24,0,1940
38.87,154,1941
118.82,170.8,1942
29.53,47.6,1943
92.83,8.4,1944
54.54,145.6,1945
68.47,128.8,1946
60.87,14,1947
186.04,106.4,1948
4.31,106.4,1949
177.02,56,1950
2.42,33.6,1951
158.87,19.6,1952
15.09,126,1953
69.38,168,1954
22.77,19.6,1955
94.57,19.6,1956
0,126,1957
138.63,176.4,1958
4.95,33.6,1959
108.91,0,1960
40.39,154,1961
103.17,134.4,1962
57.33,14,1963
172.93,109.2,1964
10.26,92.4,1965
182.43,86.8,1966
8.56,44.8,1967
167.85,106.4,1968
50.18,151.2,1969
110.32,156.8,1970
61.39,33.6,1971
107.93,98,1972
49.24,131.6,1973
163.03,170.8,1974
0,39.2,1975
169.94,2.8,1976
51.92,145.6,1977
96.76,134.4,1978
74.85,11.2,1979
179.94,106.4,1980
0,114.8,1981
171.07,61.6,1982
0,44.8,1983
176.23,19.6,1984
22.05,134.4,1985
102.41,156.8,1986
41.81,25.2,1987
91.3,19.6,1988
0,134.4,1989
158.91,170.8,1990
15.35,39.2,1991
182.7,14,1992
165.79,89.6,1993
172.44,8.4,1994
175.71,58.8,1995
182.27,36.4,1996
80.32,154,1997
8.78,100.8,1998
105.57,165.2,1999
8.57,154,2000
78.44,154,2001
80.56,137.2,2002
169.81,89.6,2003
177.87,145.6,2004
174.63,151.2,2005
164.86,148.4,2006
76.95,11.2,2007
110.23,86.8,2008
66.75,14,2009
37.81,84,2010
72.11,50.4,2011
31.47,109.2,2012
9.78,100.8,2013
28.74,140,2014
36.75,92.4,2015
1.83,114.8,2016
171.49,89.6,2017
178.86,92.4,2018
179.46,126,2019
184.49,159.6,2020
185.32,142.8,2021
10.1,44.8,2022
49.82,70,2023
0,25.2,2024
68.63,58.8,2025
80.67,44.8,2026
40.06,126,2027
63.84,95.2,2028
23.43,168,2029
61.23,106.4,2030
17.13,117.6,2031
105.05,156.8,2032
112.68,126,2033
123.76,142.8,2034
87.58,103.6,2035
82.49,137.2,2036
49.36,25.2,2037
11.73,67.2,2038
45.57,14,2039
32.9,22.4,2040
18.16,25.2,2041
100.9,16.8,2042
94.85,8.4,2043
119.91,14,2044
99.96,19.6,2045
134.47,14,2046
174.87,89.6,2047
127.85,36.4,2048
163.71,19.6,2049
178.87,39.2,2050
157.16,39.2,2051
17.95,151.2,2052
20.74,156.8,2053
38.83,131.6,2054
10.69,168,2055
25.2,156.8,2056
136.08,168,2057
109.13,168,2058
134.32,170.8,2059
84.43,168,2060
113.01,168,2061
13.74,33.6,2062
38.25,44.8,2063
35.62,22.4,2064
50.54,22.4,2065
5.28,30.8,2066
168.25,2.8,2067
177.65,89.6,2068
131.09,11.2,2069
169.58,19.6,2070
177.75,8.4,2071
138.25,19.6,2072
38.44,168,2073
177.02,75.6,2074
31.5,103.6,2075
173.12,30.8,2076
53.68,61.6,2077
167.18,70,2078
50.17,92.4,2079
127.75,14,2080
63.51,86.8,2081
184.02,84,2082
43.27,50.4,2083
175.46,106.4,2084
10.18,131.6,2085
109.71,134.4,2086
13.78,50.4,2087
137.73,25.2,2088
35.18,168,2089
180.36,70,2090
48.9,106.4,2091
153.25,19.6,2092
52.85,81.2,2093
177.49,84,2094
64.5,126,2095
130.58,50.4,2096
95.74,86.8,2097
176.27,84,2098
19.61,42,2099
176.99,114.8,2100
22.55,142.8,2101
122.57,156.8,2102
26.84,50.4,2103
147.45,106.4,2104
42.49,131.6,2105
111.47,154,2106
38.84,72.8,2107
186.74,131.6,2108
37.53,154,2109
179.71,170.8,2110
21.77,81.2,2111
161.88,11.2,2112
14.69,159.6,2113
62.34,168,2114
10.15,70,2115
119.17,25.2,2116
46.8,148.4,2117
136.42,176.4,2118
30.71,14,2119
137.2,11.2,2120
23.98,148.4,2121
79.38,159.6,2122
20.4,70,2123
147.44,50.4,2124
34.8,154,2125
168.64,173.6,2126
29.22,14,2127
98.77,53.2,2128
0,159.6,2129
127.5,165.2,2130
38.7,58.8,2131
176.29,103.6,2132
52.11,154,2133
181.38,67.2,2134
36.14,58.8,2135
178.85,25.2,2136
49.84,159.6,2137
175.25,70,2138
80.65,100.8,2139
180.82,30.8,2140
73.96,86.8,2141
67.89,168,2142
42.79,117.6,2143
85.98,25.2,2144
89.2,86.8,2145
183.44,134.4,2146
29.09,42,2147
182.72,28,2148
84.85,120.4,2149
89.09,137.2,2150
20.26,50.4,2151
176.77,22.4,2152
50.37,148.4,2153
182.85,64.4,2154
49.94,103.6,2155
183.7,22.4,2156
30.58,64.4,2157
110.58,81.2,2158
13.35,123.2,2159
121.84,22.4,2160
28.27,84,2161
170.82,84,2162
64.23,36.4,2163
178.08,36.4,2164
30.49,159.6,2165
92.82,137.2,2166
15.24,50.4,2167
175.23,25.2,2168
70.88,154,2169
178.15,67.2,2170
52.33,106.4,2171
184.66,25.2,2172
95.57,120.4,2173
146.92,165.2,2174
71.19,126,2175
127.52,22.4,2176
21.32,84,2177
162.73,84,2178
69.84,33.6,2179
161.52,103.6,2180
27.43,159.6,2181
98.06,145.6,2182
8.14,42,2183
91.05,50.4,2184
48.16,165.2,2185
109.5,176.4,2186
40.77,14,2187
172.39,103.6,2188
30.11,170.8,2189
173.32,64.4,2190
59.11,11.2,2191
135.47,95.2,2192
19.21,137.2,2193
149.1,165.2,2194
1.25,56,2195
120.59,106.4,2196
61.02,165.2,2197
129.07,159.6,2198
85.01,22.4,2199
88.55,53.2,2200
47.17,173.6,2201
111.29,176.4,2202
34.09,11.2,2203
174.9,137.2,2204
36.58,170.8,2205
173.07,81.2,2206
102.23,2.8,2207
147.43,14,2208
74.91,120.4,2209
161.78,86.8,2210
18.67,44.8,2211
143.55,22.4,2212
79.86,120.4,2213
125.86,78.4,2214
68.74,25.2,2215
93.42,50.4,2216
50.23,173.6,2217
137.21,173.6,2218
43.52,14,2219
182.71,117.6,2220
8.89,176.4,2221
175.22,78.4,2222
53.95,14,2223
147.44,2.8,2224
57.11,131.6,2225
164.03,165.2,2226
8.6,58.8,2227
113.13,25.2,2228
29.22,156.8,2229
127.28,78.4,2230
89.42,22.4,2231
136.7,14,2232
87.96,25.2,2233
99.93,8.4,2234
117.63,19.6,2235
117.5,25.2,2236
53.15,165.2,2237
72.83,154,2238
11.37,156.8,2239
98.66,165.2,2240
99.92,165.2,2241
128.5,170.8,2242
162.69,98,2243
141.85,165.2,2244
177.06,151.2,2245
90.18,168,2246
6.8,19.6,2247
100.8,86.8,2248
13.65,56,2249
69.46,72.8,2250
35.41,36.4,2251
40.34,170.8,2252
48.01,112,2253
57.78,156.8,2254
65.63,100.8,2255
55.19,156.8,2256
164.57,98,2257
113.33,156.8,2258
181.38,151.2,2259
180.12,128.8,2260
179.46,148.4,2261
84.58,11.2,2262
84.32,78.4,2263
5.14,36.4,2264
78.48,72.8,2265
74.21,36.4,2266
26.11,140,2267
45.74,95.2,2268
2.82,151.2,2269
47.32,106.4,2270
53.65,156.8,2271
113.97,170.8,2272
180.53,145.6,2273
65.09,168,2274
179.69,162.4,2275
159.46,165.2,2276
0,56,2277
94.32,44.8,2278
16.57,72.8,2279
39.09,50.4,2280
10.74,50.4,2281
131.44,44.8,2282
173.11,42,2283
137.55,36.4,2284
177.2,42,2285
112.87,42,2286
166.1,84,2287
177.68,30.8,2288
168.09,61.6,2289
174.18,30.8,2290
185.16,50.4,2291
75.5,131.6,2292
34.32,156.8,2293
23.06,154,2294
15.97,142.8,2295
5.14,145.6,2296
98.62,103.6,2297
110.66,145.6,2298
102.28,168,2299
130.52,159.6,2300
135.62,145.6,2301
63.17,42,2302
9.58,42,2303
46.31,11.2,2304
24.26,30.8,2305
63.54,22.4,2306
101.42,50.4,2307
170.58,25.2,2308
159.6,53.2,2309
146.55,25.2,2310
168.47,50.4,2311
74.24,30.8,2312
80.19,145.6,2313
123.08,145.6,2314
15.32,53.2,2315
164.98,128.8,2316
29.63,145.6,2317
146.97,140,2318
83.97,39.2,2319
40.67,123.2,2320
9.36,53.2,2321
50.08,19.6,2322
17.43,148.4,2323
79.12,148.4,2324
64.59,25.2,2325
175.92,95.2,2326
93.24,148.4,2327
142.25,25.2,2328
13.39,64.4,2329
167.43,72.8,2330
46.51,25.2,2331
151.71,72.8,2332
52.91,22.4,2333
143.78,98,2334
71.71,22.4,2335
160.09,64.4,2336
41.25,58.8,2337
148.43,98,2338
35.76,61.6,2339
149.38,84,2340
49.68,39.2,2341
159.47,89.6,2342
41.39,78.4,2343
129.25,25.2,2344
27.46,67.2,2345
126.57,67.2,2346
62.42,28,2347
149.34,70,2348
6.19,25.2,2349
151.6,98,2350
73.32,22.4,2351
157.23,64.4,2352
42.57,58.8,2353
163.01,89.6,2354
40.07,61.6,2355
169.2,86.8,2356
24.52,28,2357
174.33,92.4,2358
51.02,78.4,2359
8.38,5.6,2360
53.78,5.6,2361
75.13,112,2362
19.96,5.6,2363
42.74,44.8,2364
0,5.6,2365
55.83,19.6,2366
82.43,50.4,2367
143.5,30.8,2368
76.88,162.4,2369
134.56,168,2370
50.64,30.8,2371
126.84,33.6,2372
57.28,168,2373
106.55,112,2374
64.34,78.4,2375
126.17,50.4,2376
67.02,162.4,2377
168.41,112,2378
43.17,39.2,2379
136.21,64.4,2380
62.92,134.4,2381
155.75,165.2,2382
60.69,112,2383
6.91,56,2384
17.67,28,2385
40.74,5.6,2386
53,72.8,2387
67.55,36.4,2388
43.76,47.6,2389
116.18,25.2,2390
70.93,162.4,2391
169.93,165.2,2392
53.46,25.2,2393
122.84,33.6,2394
121.33,165.2,2395
92.03,117.6,2396
66.84,78.4,2397
67.59,47.6,2398
62.64,162.4,2399
160.77,120.4,2400
65.68,33.6,2401
150.94,67.2,2402
73.08,148.4,2403
106.86,162.4,2404
72.28,39.2,2405
105.73,75.6,2406
89.22,92.4,2407
87.9,128.8,2408
74.64,39.2,2409
104.44,39.2,2410
57.23,98,2411
121.56,148.4,2412
141.32,72.8,2413
94.51,61.6,2414
41.02,42,2415
83.31,103.6,2416
28.44,89.6,2417
140.04,70,2418
24.86,70,2419
104.26,137.2,2420
126.17,131.6,2421
134.12,86.8,2422
87.43,112,2423
74.33,103.6,2424
69.05,103.6,2425
135.88,78.4,2426
16.02,114.8,2427
76.32,84,2428
32.95,114.8,2429
99.24,75.6,2430
6.38,103.6,2431
115.78,84,2432
88.52,140,2433
94.78,137.2,2434
66.41,148.4,2435
128.46,137.2,2436
64.13,103.6,2437
116.25,78.4,2438
53.01,114.8,2439
78.81,114.8,2440
88.98,154,2441
53.44,159.6,2442
59.24,72.8,2443
100.21,22.4,2444
21.54,58.8,2445
62.15,159.6,2446
60.34,98,2447
131.48,36.4,2448
70.86,148.4,2449
163.24,142.8,2450
61.41,103.6,2451
100.8,58.8,2452
69.2,134.4,2453
95.97,117.6,2454
22.45,123.2,2455
57.25,47.6,2456
59.28,134.4,2457
160.58,123.2,2458
50.07,106.4,2459
148.71,61.6,2460
77.79,126,2461
118.97,142.8,2462
73.68,72.8,2463
136.95,140,2464
60.67,84,2465
116.82,128.8,2466
68.42,39.2,2467
99.39,58.8,2468
87.45,92.4,2469
127.77,117.6,2470
81.84,70,2471
139.26,78.4,2472
55.24,84,2473
93.95,67.2,2474
65.02,56,2475
102.22,106.4,2476
93.71,86.8,2477
152.51,61.6,2478
68.53,2.8,2479
32.85,72.8,2480
3.03,67.2,2481
176.76,145.6,2482
83.43,2.8,2483
21.79,0,2484
65.33,42,2485
123.53,81.2,2486
48.28,84,2487
81.05,128.8,2488
56.85,42,2489
116.2,36.4,2490
83.4,58.8,2491
74.77,137.2,2492
121.34,70,2493
70.01,64.4,2494
53.15,56,2495
75.22,106.4,2496
49.55,81.2,2497
148.9,92.4,2498
55.04,86.8,2499
133.17,134.4,2500
96.92,14,2501
77.87,159.6,2502
93.81,11.2,2503
137.72,114.8,2504
150.98,89.6,2505
83.8,98,2506
171.98,117.6,2507
185.58,128.8,2508
171.77,120.4,2509
170.38,86.8,2510
67.18,5.6,2511
6.39,170.8,2512
7.76,2.8,2513
71.31,0,2514
27.11,173.6,2515
17.68,2.8,2516
67.15,0,2517
20.77,173.6,2518
27.57,47.6,2519
128.48,72.8,2520
17.56,165.2,2521
27.55,2.8,2522
14.4,2.8,2523
21.93,2.8,2524
128.01,86.8,2525
145.41,61.6,2526
61.1,89.6,2527
89.84,72.8,2528
114.9,2.8,2529
65.19,5.6,2530
28.81,0,2531
15.54,170.8,2532
10.71,170.8,2533
150.85,5.6,2534
92.96,42,2535
159.33,28,2536
47.64,114.8,2537
80.24,8.4,2538
51.51,8.4,2539
92.92,5.6,2540
87.92,0,2541
154.32,14,2542
165.82,123.2,2543
99.93,92.4,2544
133.58,114.8,2545
57.17,28,2546
144.03,0,2547
165.76,103.6,2548
154.77,5.6,2549
83.55,53.2,2550
118.58,0,2551
105.22,28,2552
111.51,14,2553
68.31,19.6,2554
180.67,0,2555
161.29,0,2556
84.74,0,2557
158.51,0,2558
180,103.6,2559
177.54,0,2560
167.06,0,2561
98.66,0,2562
151.56,16.8,2563
161.72,5.6,2564
60.03,117.6,2565
105.13,53.2,2566
73.4,8.4,2567
155.68,2.8,2568
94.91,22.4,2569
163.71,22.4,2570
19.23,123.2,2571
157.9,2.8,2572
37.76,19.6,2573
137.92,56,2574
92.65,100.8,2575
139.87,50.4,2576
43.43,8.4,2577
170.81,36.4,2578
108.15,36.4,2579
172.75,22.4,2580
48.81,61.6,2581
135.57,50.4,2582
71.42,30.8,2583
141.29,103.6,2584
170.81,100.8,2585
165.44,11.2,2586
111.12,28,2587
60.67,134.4,2588
74.71,19.6,2589
47.63,89.6,2590
46.69,19.6,2591
170.78,81.2,2592
170.28,14,2593
91.63,64.4,2594
115.54,70,2595
138.83,75.6,2596
117.88,14,2597
172.51,95.2,2598
180.33,95.2,2599
180.85,100.8,2600
137.86,106.4,2601
151.31,106.4,2602
172.08,78.4,2603
182.61,95.2,2604
121.4,95.2,2605
100.6,106.4,2606
163.61,14,2607
172.66,14,2608
44.21,70,2609
102.36,67.2,2610
132.83,50.4,2611
134.99,72.8,2612
54.67,42,2613
178.44,14,2614
61.93,67.2,2615
118.28,50.4,2616
82.31,14,2617
167.64,103.6,2618
55.25,53.2,2619
131.39,30.8,2620
43.61,114.8,2621
112.27,123.2,2622
132.32,78.4,2623
149.44,151.2,2624
73.15,61.6,2625
152.74,84,2626
68.84,159.6,2627
153.98,142.8,2628
97.01,89.6,2629
155.78,0,2630
117.91,159.6,2631
65.72,50.4,2632
172.03,148.4,2633
62.88,72.8,2634
96.12,53.2,2635
161.44,78.4,2636
102.11,123.2,2637
120.58,72.8,2638
142.44,78.4,2639
139,154,2640
71.96,89.6,2641
150.14,131.6,2642
127.3,123.2,2643
152.18,145.6,2644
123.75,137.2,2645
155.22,142.8,2646
134.14,67.2,2647
109.25,137.2,2648
109.15,148.4,2649
143.48,154,2650
156.59,123.2,2651
103.13,117.6,2652
75.65,61.6,2653
111.69,72.8,2654
131.31,84,2655
118.08,81.2,2656
90.25,156.8,2657
148.34,126,2658
77.61,61.6,2659
135.48,75.6,2660
71.63,151.2,2661
143.65,156.8,2662
59.74,56,2663
171.97,126,2664
73.76,156.8,2665
160.21,30.8,2666
137.78,30.8,2667
98.04,5.6,2668
44.79,8.4,2669
143.76,67.2,2670
88.13,170.8,2671
143.82,168,2672
165.9,137.2,2673
155.95,112,2674
118.66,67.2,2675
18.25,5.6,2676
162.52,156.8,2677
58.58,176.4,2678
144.26,11.2,2679
161.33,75.6,2680
142.86,19.6,2681
104.68,30.8,2682
161.02,72.8,2683
133.97,173.6,2684
175.08,5.6,2685
73.52,168,2686
164.51,109.2,2687
172.16,170.8,2688
171.61,162.4,2689
176.16,168,2690
155.08,75.6,2691
171.05,128.8,2692
167.85,170.8,2693
167.51,176.4,2694
103.39,0,2695
177.78,28,2696
41.35,19.6,2697
114.08,42,2698
141.07,70,2699
134.2,75.6,2700
79.82,162.4,2701
107.73,0,2702
71.06,25.2,2703
146.82,70,2704
63.59,176.4,2705
129.69,61.6,2706
59.42,5.6,2707
123.67,64.4,2708
68.25,176.4,2709
159.13,61.6,2710
139.35,137.2,2711
91.95,25.2,2712
69.17,70,2713
77.49,103.6,2714
53.57,117.6,2715
176.5,156.8,2716
177.25,162.4,2717
109.96,106.4,2718
146.54,5.6,2719
30.18,72.8,2720
155.41,53.2,2721
58.72,70,2722
58.82,8.4,2723
181.33,75.6,2724
166.57,28,2725
99.05,137.2,2726
168.5,156.8,2727
135.57,134.4,2728
181.54,5.6,2729
123.39,151.2,2730
179.14,165.2,2731
178.23,159.6,2732
181.93,156.8,2733
182.43,154,2734
169.2,70,2735
182.5,159.6,2736
165.69,159.6,2737
171.25,159.6,2738
127.5,30.8,2739
166.39,58.8,2740
71.85,67.2,2741
151.36,140,2742
93.8,100.8,2743
172.79,156.8,2744
92.73,112,2745
112.64,30.8,2746
66.21,30.8,2747
96.4,100.8,2748
72.9,134.4,2749
136.88,8.4,2750
52.86,70,2751
178.46,100.8,2752
26.49,123.2,2753
144.87,56,2754
139.33,16.8,2755
130.4,126,2756
72.84,56,2757
92.29,16.8,2758
62.82,103.6,2759
181,137.2,2760
168.94,42,2761
97.46,28,2762
163.69,39.2,2763
77.13,16.8,2764
142.24,5.6,2765
101.4,33.6,2766
87.11,33.6,2767
168.79,56,2768
154.05,137.2,2769
139.8,39.2,2770
153.88,16.8,2771
156.71,114.8,2772
175.06,16.8,2773
179.73,117.6,2774
170.4,56,2775
183.2,114.8,2776
173.17,140,2777
184.35,140,2778
154.97,56,2779
178.24,47.6,2780
176.52,16.8,2781
172.29,39.2,2782
157.56,145.6,2783
151.31,128.8,2784
70.58,56,2785
159.81,36.4,2786
90.31,16.8,2787
155.64,25.2,2788
68,106.4,2789
141.75,145.6,2790
71.44,53.2,2791
94.29,16.8,2792
41.77,103.6,2793
181.9,47.6,2794
85.37,16.8,2795
128.62,5.6,2796
128.79,44.8,2797
164.72,72.8,2798
101.49,117.6,2799
145.44,47.6,2800
86.3,72.8,2801
138.85,53.2,2802
85.5,170.8,2803
143.17,151.2,2804
156.11,131.6,2805
175.11,0,2806
182.7,53.2,2807
56.63,67.2,2808
129.94,11.2,2809
71.83,58.8,2810
168.03,58.8,2811
173.56,70,2812
179.78,53.2,2813
85.87,117.6,2814
148.33,70,2815
143.86,170.8,2816
166.05,2.8,2817
181.86,173.6,2818
173.81,117.6,2819
161.01,162.4,2820
106.08,128.8,2821
164.28,145.6,2822
153.13,81.2,2823
179.71,142.8,2824
148.97,159.6,2825
97.87,168,2826
152.64,47.6,2827
161.43,67.2,2828
82.51,72.8,2829
119.25,126,2830
101.49,64.4,2831
146.54,81.2,2832
83.43,170.8,2833
150.73,47.6,2834
63.14,70,2835
146.55,53.2,2836
106.43,173.6,2837
170.61,47.6,2838
56.65,70,2839
84.62,19.6,2840
79.95,170.8,2841
162.02,126,2842
127.55,126,2843
163.67,30.8,2844
79.68,109.2,2845
96.97,170.8,2846
100.7,154,2847
176.74,134.4,2848
171.77,165.2,2849
167.46,11.2,2850
156.21,64.4,2851
69.56,112,2852
104.49,109.2,2853
149.15,19.6,2854
106.14,44.8,2855
134.89,112,2856
156.39,103.6,2857
159.9,86.8,2858
168.75,165.2,2859
143.01,72.8,2860
163.73,75.6,2861
124.99,89.6,2862
149.33,128.8,2863
182.29,131.6,2864
152.19,137.2,2865
184.47,131.6,2866
130.81,112,2867
169.85,151.2,2868
185.01,165.2,2869
174.57,165.2,2870
158.92,25.2,2871
166.84,109.2,2872
81.67,109.2,2873
140.51,112,2874
75.27,176.4,2875
140.15,162.4,2876
53.25,128.8,2877
152.85,25.2,2878
75.1,109.2,2879
71.76,176.4,2880
122.1,131.6,2881
160.12,114.8,2882
99.46,86.8,2883
48.22,123.2,2884
145.64,168,2885
183.18,112,2886
177.76,86.8,2887
107.77,64.4,2888
175.56,72.8,2889
159.07,100.8,2890
157.96,103.6,2891
186.8,128.8,2892
158.22,117.6,2893
178.34,131.6,2894
184.46,145.6,2895
182.6,126,2896
184.89,134.4,2897
162.45,145.6,2898
45.66,61.6,2899
95.07,72.8,2900
39.84,168,2901
50.85,0,2902
118.21,156.8,2903
0,123.2,2904
126.5,84,2905
170.93,154,2906
109.99,109.2,2907
4.07,14,2908
8.67,0,2909
101.76,72.8,2910
25.95,165.2,2911
0,173.6,2912
30.4,84,2913
129.61,64.4,2914
28.23,134.4,2915
122.82,176.4,2916
15.11,22.4,2917
0,154,2918
5.08,120.4,2919
11.57,128.8,2920
22.25,165.2,2921
83.47,0,2922
154.04,114.8,2923
156.44,176.4,2924
57.89,72.8,2925
10.11,173.6,2926
176.13,123.2,2927
82.48,64.4,2928
0,53.2,2929
78.2,134.4,2930
129.21,176.4,2931
176.17,154,2932
33.2,112,2933
129.85,19.6,2934
49.91,67.2,2935
75.74,25.2,2936
51.55,112,2937
97.78,109.2,2938
37.51,56,2939
55.99,2.8,2940
181.23,134.4,2941
137.08,134.4,2942
0,67.2,2943
4.75,72.8,2944
149.44,112,2945
1.26,120.4,2946
150.81,39.2,2947
33.77,56,2948
68.74,44.8,2949
32.47,47.6,2950
77.86,56,2951
7.84,8.4,2952
13.8,61.6,2953
23.25,72.8,2954
141.93,2.8,2955
0,22.4,2956
114.7,50.4,2957
45.65,2.8,2958
145.74,176.4,2959
78.59,142.8,2960
185.42,100.8,2961
46.96,154,2962
165.6,154,2963
115.79,114.8,2964
133.63,106.4,2965
44.71,145.6,2966
16.81,176.4,2967
114.35,173.6,2968
10.73,176.4,2969
32.61,123.2,2970
30.47,176.4,2971
117.43,176.4,2972
0,109.2,2973
96.96,72.8,2974
0,61.6,2975
29.78,5.6,2976
3.38,170.8,2977
125.89,72.8,2978
4.63,2.8,2979
140.37,131.6,2980
3.77,162.4,2981
61.52,8.4,2982
5.15,165.2,2983
25.37,5.6,2984
0,50.4,2985
184.22,44.8,2986
0,120.4,2987
112.29,67.2,2988
70.65,5.6,2989
89.42,0,2990
45.1,5.6,2991
0,30.8,2992
61.56,176.4,2993
0,2.8,2994
19.68,84,2995
132.22,8.4,2996
169.09,0,2997
133.29,22.4,2998
56.34,176.4,2999
167.34,22.4,3000
166.36,16.8,3001
161.12,176.4,3002
49.49,176.4,3003
135.61,114.8,3004
80.04,5.6,3005
72.64,16.8,3006
71.42,16.8,3007
86.61,58.8,3008
51.3,47.6,3009
181.64,11.2,3010
25.13,25.2,3011
15.65,173.6,3012
0,170.8,3013
0,162.4,3014
