39.3,5.6,4.48
0,16.8,6.15
52.66,78.4,5.4
22.73,36.4,4.79
61.08,8.4,2.07
38.06,109.2,4.19
76.49,126,1.69
63.67,47.6,2.73
10.13,154,4.96
17.06,56,3.11
41.44,11.2,5.51
0,8.4,4.07
12.86,89.6,4.85
153.54,33.6,1.6
63.92,78.4,4.81
46.97,56,3.86
77.78,123.2,6.58
72.42,25.2,6.99
11.01,56,4.84
37.09,67.2,6.5
81.02,2.8,1.41
95.22,70,1.96
153.33,56,1.09
104.19,58.8,5.02
13.52,134.4,3.95
34.46,137.2,2.56
182.96,11.2,4.26
52.25,162.4,5.99
85.95,162.4,3.17
26.05,8.4,2.12
167.25,33.6,4.58
68.25,33.6,1
97.93,2.8,2.16
161.82,28,1.72
139.17,120.4,3.48
153.74,126,6.38
107.32,159.6,5.97
121.2,8.4,5.7
108.46,25.2,6.59
148.41,126,5.33
97.91,39.2,1.46
63.01,120.4,4.25
48.78,22.4,3.66
73.3,120.4,5.36
77.8,137.2,5.05
135.28,95.2,5.44
150.3,8.4,1.62
93.26,98,6.07
75.98,106.4,5.74
168.61,8.4,5.91
60.17,61.6,1.71
131.31,30.8,5
142.16,53.2,3.25
103.35,92.4,5.8
135.75,81.2,1.04
118.3,11.2,5.3
109.15,92.4,1.8
73.35,106.4,2.63
54.62,112,6.34
63.52,100.8,5.64
40.51,123.2,5.39
133.76,67.2,2.29
139.7,131.6,2.37
87.8,58.8,6.44
59.23,72.8,1.84
139,39.2,1.07
102.05,159.6,5.27
142.07,131.6,1.23
1.74,100.8,5.05
6.79,100.8,3.6
61.45,70,3.13
80.82,86.8,1.47
0,123.2,3.46
92.72,39.2,5.19
43.55,128.8,6.46
61.07,72.8,1.69
55.19,128.8,1.55
139.09,100.8,4.03
131.82,100.8,6.12
145.03,8.4,5.27
107.24,61.6,4.55
109,33.6,4.19
110.34,22.4,1.89
116.8,11.2,1.5
106.46,33.6,2.54
162.88,36.4,1.08
153.84,39.2,6.12
67.26,120.4,6.04
157.04,81.2,2.12
180.14,39.2,6.47
167.37,95.2,3.74
168.44,86.8,6.99
161.4,145.6,4.77
138.65,56,4.86
148.77,109.2,3.91
129.97,156.8,2.1
66.06,145.6,1.79
18.7,100.8,3.96
85.49,89.6,4.43
57.34,56,2.69
32.29,56,1.71
54.42,50.4,5.2
71.8,89.6,4.62
179.97,98,3.04
48.66,50.4,5.76
183.01,98,4.39
60.34,176.4,1.48
137.69,0,2.02
148.61,98,1.4
31.05,78.4,2.02
176.69,58.8,1.13
32.34,22.4,6.41
94.18,64.4,3.06
150.01,98,6.92
171.69,56,1.53
38.75,22.4,5.78
100.61,168,4.21
164.27,78.4,1.83
170.31,100.8,4.76
175.74,47.6,5.01
95.69,168,4.92
163.2,100.8,1.8
22.67,33.6,3.59
169.16,50.4,4.83
89.73,61.6,5.06
131.38,89.6,5.07
55.04,67.2,6.85
86.68,61.6,3.05
9.51,75.6,1.95
44.53,22.4,4.25
73.65,176.4,4.77
161.43,58.8,3.13
85.54,36.4,2.52
33.01,61.6,4.08
59.67,92.4,2.49
33.38,148.4,3
46.1,168,3.12
42.76,176.4,2.42
58.08,92.4,1.59
62.39,86.8,2.82
123.24,56,4.61
135.72,142.8,1.24
84.02,28,4.96
103.82,25.2,4.64
81.07,114.8,6.16
82.58,0,6.53
24.37,89.6,3.24
25.49,47.6,2.41
19.13,92.4,4.51
27.61,89.6,4.37
53.24,11.2,5.23
67.7,0,5.05
58.47,11.2,2.31
89.11,0,4.08
24.41,11.2,2.6
88.54,75.6,6.66
36.06,30.8,3.06
173.99,50.4,5.77
103.07,165.2,6
114.87,11.2,1.93
40.8,56,6.17
11,11.2,5.22
18.72,28,2.71
0,11.2,6.32
83.06,78.4,6.37
16.22,11.2,6.93
34.41,36.4,3.67
28.59,33.6,4.17
59.11,22.4,6.48
164.94,112,4.19
139.71,0,5.34
156.65,123.2,1.38
125.72,36.4,6.25
156.43,109.2,2.41
164.65,95.2,2.72
157.95,112,6.99
136.26,33.6,5.56
26.31,42,1.92
120.02,58.8,2.25
142.57,42,4.84
27.52,36.4,6.89
36.84,47.6,5.9
40.75,142.8,4.86
47.16,58.8,4.58
46.27,0,4.4
169.8,170.8,2.62
66.75,162.4,5.09
97.55,109.2,1.71
3.66,103.6,6.48
23.31,145.6,4.87
4.87,67.2,6.43
0,64.4,6.44
21.43,28,1.91
11.78,64.4,6.54
10.39,100.8,1.27
69.68,67.2,1.31
66.92,173.6,6.14
64.97,173.6,1.95
68.29,89.6,3.51
54.38,142.8,1.57
77.89,89.6,6.48
26.02,140,4.76
71.09,30.8,6.72
55.95,142.8,4.51
71.81,123.2,5.97
179.42,81.2,2.37
42.11,58.8,5.05
129.84,89.6,1.54
141.72,134.4,5.31
155.92,81.2,1.12
93.42,173.6,4.17
28.71,162.4,3.05
11.98,95.2,3.47
34.21,142.8,6.54
163.14,16.8,2.59
25.4,134.4,1.65
122.72,112,6.67
60.09,123.2,4.04
73.06,173.6,6.59
12.13,114.8,3.45
57.81,120.4,5.2
15.58,114.8,2.28
97.51,95.2,1.93
91.27,95.2,6.24
43.49,64.4,1.51
36.4,103.6,4.63
11.28,92.4,1.43
50.85,100.8,3.78
45.04,162.4,3.91
162.89,117.6,6.63
98.7,142.8,2.12
113.31,30.8,2.22
97.28,78.4,4.6
9.5,123.2,6.6
16.1,123.2,6.54
137.26,92.4,2.81
149.91,81.2,1.07
158.28,42,4.76
45.61,142.8,6.39
73.94,95.2,6.13
60.03,56,6.7
140.07,92.4,1.43
123.31,103.6,2.15
109.77,56,2.65
67.93,159.6,5.92
93.55,22.4,1
97.09,0,1.19
100.89,33.6,5.57
115.53,30.8,6.77
166.29,42,5.36
66.68,16.8,2.87
97.35,33.6,3.54
131.97,36.4,4.04
32.06,95.2,2.45
30.21,134.4,3.03
53.81,128.8,1.38
33.24,134.4,6.88
83.03,145.6,6.6
43.21,98,1.18
40.12,134.4,2.94
52.39,170.8,3.55
71.2,112,3.13
0,156.8,4.3
96.18,106.4,4.45
50.01,128.8,3.8
56.2,61.6,2.37
70.65,140,1.24
82.14,22.4,6.41
88.55,22.4,5
122.37,120.4,2.27
179.91,109.2,4.76
99.44,95.2,4.53
104.61,117.6,6.83
101.9,103.6,1.09
78.22,92.4,3.61
90.17,168,5.52
61.82,176.4,5.9
103.97,95.2,1.6
137.09,112,4.85
127.31,170.8,1.91
178.74,117.6,4.94
93.78,114.8,4.46
62.38,170.8,6.61
80.56,117.6,5.39
15.45,95.2,3.1
108.01,39.2,6.24
102.88,78.4,6.55
89.63,145.6,2.28
92.25,117.6,5.77
124.64,120.4,3.63
149.68,67.2,1.9
86.67,128.8,5.89
163.9,39.2,4.98
94.97,103.6,1.1
98.98,103.6,2.92
116.62,39.2,2.71
156.37,114.8,6.56
110.53,114.8,1.21
166.24,36.4,3.19
122.69,154,4.22
171.83,33.6,1.44
43.35,89.6,2.35
49.68,173.6,5
45.54,173.6,4.14
115.53,168,4.54
15.09,154,6.46
10.95,109.2,4.4
54.01,75.6,3.95
137.17,22.4,2.97
96.07,103.6,2.91
136.41,14,6.32
90.7,114.8,3.08
51.12,159.6,5.84
67.53,92.4,6.19
99.33,98,5.36
89.09,170.8,5.11
41.49,162.4,3.55
134.01,103.6,4.48
84.36,123.2,2.57
50.02,159.6,1.1
100.82,142.8,5.49
125.91,165.2,5.88
74.72,170.8,4.37
155.09,30.8,5.48
171.8,53.2,5.77
81.02,112,6.04
47.88,156.8,5.79
25.01,142.8,5.89
20.99,176.4,2.55
39.04,92.4,2.53
86.93,123.2,2.56
21.55,154,2.68
87.06,112,1.85
1.8,81.2,6.41
37.37,50.4,5.57
25.56,137.2,5.15
14.2,50.4,1.91
37.49,78.4,4.6
20.17,56,6.55
25.57,0,6.22
11.46,75.6,4.01
33.41,2.8,1.81
44.13,109.2,5.56
91.96,8.4,4.37
49.67,47.6,3.91
53.58,47.6,5.81
30.16,28,5.22
87.93,8.4,4.03
11.17,84,2.89
8.31,84,2.86
21.33,22.4,6.95
0,53.2,4.75
8.21,81.2,2.14
157.65,2.8,6.89
116.96,142.8,6.16
122.3,30.8,3.71
43.82,159.6,4.35
51.6,8.4,1.11
28.28,22.4,4.06
93.48,42,3.11
7.89,0,5.69
21.65,2.8,1.24
47.95,25.2,2.62
70.39,14,6.01
58.3,156.8,2.49
50.57,25.2,2.57
78.14,42,4.76
10.43,120.4,1.25
82.85,137.2,1.25
17.81,22.4,3.52
47.38,176.4,1.43
30.71,137.2,3.75
66.4,47.6,6.17
86.83,8.4,1.1
44.47,42,5.9
0,2.8,1.57
20.24,14,6.23
0,33.6,4.11
13.98,22.4,3.83
49.32,75.6,4.69
77.3,114.8,3.77
34.06,123.2,6.45
19.02,112,5.38
48.51,117.6,3.25
47.32,78.4,5.34
88.06,36.4,3.51
152.06,103.6,6.62
110.16,154,6.58
172.42,170.8,4.65
183.7,100.8,2.53
167.68,170.8,2.12
157.76,173.6,3.03
140.54,103.6,2.78
40.73,75.6,6.59
15.88,78.4,2.56
69.99,95.2,3.95
17.54,72.8,2.98
79.2,2.8,1.82
84.65,126,2.51
89,156.8,5.81
176.55,126,3.54
0,100.8,1.74
59.29,103.6,2.49
42.94,50.4,5.72
42.09,78.4,5.23
20.52,72.8,2.6
98.11,81.2,5.64
18.44,78.4,3.95
127.34,78.4,2.85
124.12,156.8,5.85
181.52,36.4,1.03
179.18,36.4,2.34
151.37,2.8,6.28
89.85,154,5.64
122.65,117.6,6.86
56.09,151.2,5.72
99.66,126,4.47
84.59,154,5.26
170.92,78.4,1.33
165.94,81.2,2.48
118.33,117.6,4.32
145.4,89.6,2.36
26.41,148.4,6.97
165.73,86.8,2.71
42.87,117.6,5.64
120.3,112,2.42
152.11,112,5.84
168.4,70,3.01
125.76,173.6,2.34
161.9,86.8,3.83
176.28,109.2,3.63
107.06,103.6,1.55
149.62,173.6,2.47
100.56,137.2,1.52
83.6,134.4,1.42
114.8,109.2,3.19
144.04,173.6,5.58
118.05,42,1.71
155.53,5.6,3.2
90.75,56,6.88
94.87,86.8,4.7
95.47,33.6,1.88
113.99,89.6,4.85
142.1,173.6,1.94
138.75,173.6,1.77
138.2,109.2,5.62
30.67,173.6,2.71
42.09,156.8,5.79
43.72,168,2.38
176.86,39.2,3.28
49.73,14,2.03
108.59,89.6,2.06
130.26,176.4,2.34
136.78,42,2.87
52.1,33.6,1.13
8.82,16.8,5.84
80.51,16.8,2.63
75.59,16.8,4.92
53.14,25.2,5.99
51.77,95.2,5.23
57.34,33.6,2.53
59.13,25.2,6.05
65.18,25.2,4.59
138.69,123.2,5.76
110.89,109.2,3.91
134.57,176.4,5.46
137.84,134.4,3.88
55.26,64.4,6.74
162.57,109.2,1.6
113.67,95.2,1.53
104.44,123.2,3.77
143.82,109.2,1.87
0,86.8,4.91
95.2,162.4,6.6
152.76,89.6,3.15
52.44,22.4,6.67
34.1,100.8,4.08
110.65,89.6,3.34
71.62,39.2,5.1
184.76,131.6,2.56
0,72.8,2.67
64.93,39.2,6.69
53.23,33.6,4.11
50.08,30.8,1.58
160.35,109.2,2.22
130.19,78.4,4.39
76.49,44.8,7
140.03,176.4,6.63
15.47,75.6,1.85
132.6,176.4,1.97
27.43,67.2,3.97
157.07,89.6,6.41
105.55,103.6,1.51
158.73,5.6,2.52
120.01,134.4,5.78
115.18,14,4.94
130.4,25.2,4.84
112.48,14,2.7
111.13,5.6,6.7
173.72,142.8,1.55
119.76,120.4,2.61
85.02,134.4,4.44
175.37,25.2,3.46
173.21,114.8,6.14
101.28,145.6,1.67
101.88,78.4,1
114.28,142.8,2.68
105.46,89.6,1.9
70.99,67.2,4.42
171.12,16.8,1.97
13.27,5.6,3.07
143.93,78.4,5.01
116.74,154,4.37
152.45,84,2.53
27.54,98,3.49
150.62,84,1.83
11.3,67.2,4.68
73.47,61.6,6.63
165.85,8.4,2.76
183.77,61.6,5.07
22.89,2.8,3.69
95.7,176.4,1.83
28.18,145.6,2.94
154.71,8.4,1.88
102.95,145.6,5.78
94.96,140,2.06
182.52,61.6,1.25
146.36,2.8,5.01
102.08,137.2,3.9
96.02,137.2,4.54
104.28,156.8,6.56
24.07,61.6,6.08
83.89,56,5.25
125.5,84,5.21
12.03,159.6,4.89
122.49,33.6,3.65
83.17,159.6,4.61
126.9,8.4,3.24
0,84,3.64
169.57,84,6.7
90.44,137.2,5.58
95.59,159.6,2.88
111.32,140,4.03
167.64,84,1.93
110.53,81.2,4.21
155.91,89.6,1.16
147.66,103.6,3.18
145.82,145.6,4.44
144.04,145.6,1.78
153.38,140,5.54
0,81.2,1.8
133.67,145.6,5.76
5.51,89.6,4.96
0,89.6,5.51
3.64,84,4.67
169.13,112,5.71
56.43,98,2.41
46.71,103.6,5.96
39.12,30.8,6.01
114.74,120.4,5.02
34.54,58.8,1.34
71.4,2.8,3.6
62.19,19.6,4.22
144.31,151.2,6.14
146.9,123.2,3.45
135.14,123.2,3.55
120.07,168,4.38
164.25,81.2,1.69
52.67,103.6,6.62
152.5,30.8,2.59
81.99,53.2,5.77
150,28,6.86
91.52,53.2,3.8
96.18,145.6,5.1
173.24,81.2,4.76
54.96,176.4,5.38
59.16,2.8,6.32
63.73,134.4,5.15
43.38,2.8,3.1
20.74,19.6,3.82
69.77,25.2,2.65
79.09,170.8,3.65
98.14,126,1.52
138.6,81.2,6.19
99.97,131.6,4.49
78.67,159.6,4.5
21.01,30.8,1.28
51.4,89.6,5.51
6.74,19.6,4.6
16.53,58.8,5.22
57.95,30.8,6.76
56.91,89.6,2.29
101.86,42,6.5
4.46,109.2,6.49
56.9,8.4,4.18
69.65,72.8,4.54
31.1,131.6,5.81
3.04,131.6,6.25
7.12,42,4.56
37.91,117.6,4.96
0,39.2,5.25
94.79,120.4,3.07
2.02,95.2,3.93
4.43,170.8,3.36
0,95.2,2.02
51.66,30.8,6.29
38.18,95.2,5.96
2.21,120.4,5.62
82.7,120.4,3.5
34.51,95.2,3.67
0,103.6,3.66
65.09,142.8,4.47
44.54,53.2,6.61
0,14,3.88
4.65,168,5.82
73.18,137.2,4.62
40.2,112,4.25
78.66,120.4,4.04
64.91,137.2,4.61
73.28,162.4,2.64
19.73,44.8,2.72
35.23,70,3.27
9.29,131.6,4.19
39.36,42,5.11
91.68,142.8,4.8
5.25,39.2,1.95
7.2,39.2,3.95
55.22,70,6.23
11.15,39.2,6.54
106.85,70,6.74
18.57,50.4,4.53
13.59,126,3.07
64.58,70,1.53
29.88,30.8,2.37
13.48,131.6,3.16
52,142.8,2.38
25.4,95.2,6.66
1.92,42,5.2
30.99,70,4.24
16.88,156.8,5.55
0,42,1.92
14.69,92.4,4.44
50.62,70,4.6
75.92,162.4,3.93
48.17,159.6,1.85
23.1,50.4,4.95
58.89,165.2,6.9
48.95,162.4,3.3
6.64,142.8,5.93
92.61,123.2,5.93
20.96,140,5.06
120.03,86.8,5.96
83.26,103.6,6.86
21.37,137.2,4.19
88.09,16.8,2.72
83.14,16.8,4.95
24.24,70,4.23
28.47,70,2.52
104.13,126,2.66
37.09,61.6,4.89
82.61,72.8,5.86
89.43,78.4,2.2
79.58,78.4,3.48
69.71,58.8,1.64
37.67,44.8,6.35
44.02,44.8,2.46
71.35,58.8,5.26
113.59,70,6.78
18.25,14,1.99
91.63,78.4,5.65
103.22,70,3.63
48.81,176.4,2.61
97.36,75.6,5.37
43.01,84,1.1
41.57,92.4,5.54
0,67.2,1.05
68.04,72.8,1.61
58.24,170.8,4.14
37.76,8.4,4.71
68.63,8.4,1.38
63.6,16.8,3.08
80.73,36.4,4.81
30.67,58.8,3.87
76.12,8.4,3.1
73.86,36.4,6.87
176.61,8.4,2.4
175.07,2.8,1.74
160.07,154,4.11
148.94,78.4,5.31
131.27,72.8,3.66
154.72,154,5.35
156.93,98,1.05
131.35,126,1.95
168.94,2.8,6.13
50.9,92.4,5.82
176.81,2.8,6.88
97.76,47.6,6.31
94.19,47.6,3.57
153.75,123.2,2.9
160.12,126,3.13
182.56,103.6,3.83
130.17,92.4,3.98
53.21,120.4,4.6
17.47,44.8,2.26
120.37,75.6,6.98
46.7,126,2.12
163.25,126,1.83
165.08,126,5.96
62.41,106.4,3.87
127.35,75.6,1.7
157.98,98,3.81
61.3,106.4,1.11
56.6,106.4,4.7
93.19,0,3.9
183.52,67.2,4.99
48.82,126,5.2
158.68,103.6,5.9
161.79,98,3.91
142.73,14,6.43
151.79,154,2.93
163.92,140,2.59
171.96,154,4.46
11.12,8.4,4.61
28.35,176.4,3.76
26.01,176.4,2.34
23.54,176.4,2.47
15.73,8.4,3.85
170.43,103.6,5.59
163.27,148.4,3.09
102.9,112,5.75
156.27,145.6,5.13
98.71,112,4.19
156.35,148.4,6.92
170.34,148.4,2.04
78.17,109.2,6.59
61.19,109.2,2.89
145.31,154,6.48
64.08,109.2,1.22
164.18,154,6.11
100.63,106.4,3.4
104.03,106.4,6.45
120.68,78.4,6.66
117.99,109.2,5.77
154.63,53.2,3.75
65.3,109.2,6.35
110.48,106.4,2.32
175.07,100.8,2.38
168.38,75.6,3.13
169.21,109.2,1.46
108.5,28,7
166.36,148.4,3.98
19.58,8.4,6.47
28.17,8.4,5.64
17,36.4,5.73
164.16,0,5.81
51.33,109.2,3.65
94.2,170.8,6.87
101.12,156.8,3.16
114.82,75.6,3.88
25.95,103.6,6.78
128.41,28,6.28
94.08,131.6,5.89
153.94,0,4.53
139.65,42,2.92
140.14,22.4,5.67
57.3,28,3.62
51.3,28,6
179.62,28,6.27
50.37,42,4.88
55.25,42,3.24
28.23,42,5.15
149.67,148.4,1.57
35.22,2.8,5.77
95.2,75.6,2.16
88.47,72.8,3.04
108.21,123.2,6.83
16.91,2.8,4.74
160.03,123.2,1.86
90.12,103.6,4.85
175.43,86.8,3.29
58.49,42,3.94
1.57,2.8,2.48
60.79,156.8,1.38
153.04,42,2.69
179.78,78.4,1.52
71.42,117.6,3.71
5.33,8.4,5.79
61.05,95.2,1.62
57,95.2,4.05
53.61,165.2,5.28
27.71,86.8,5.88
143.97,114.8,6.71
117.74,95.2,3.76
181.3,78.4,2.23
68.99,170.8,5.73
67.72,176.4,5.93
183.53,78.4,4.48
123.81,176.4,6.45
159.56,22.4,1.7
75.61,103.6,5.48
33.11,154,6.77
120.23,176.4,3.58
65.52,159.6,2.41
115.67,176.4,4.56
1.7,168,2.95
137.97,19.6,2.32
55.51,114.8,4.37
117.72,78.4,2.96
52.74,112,1.88
0,176.4,3.24
44.33,103.6,2.38
154.76,22.4,4.8
65.79,165.2,2.69
136.78,170.8,5.37
59.88,114.8,4.66
130.94,2.8,2.14
57.36,123.2,2.73
173.12,159.6,3.18
56.96,159.6,3.05
121.96,22.4,2.9
30.36,92.4,5.04
155.17,170.8,3.56
64.54,114.8,2.58
118.54,22.4,3.42
64.8,11.2,5.55
50.94,123.2,6.42
49.43,123.2,1.51
133.08,2.8,2.57
60.01,159.6,5.51
0,170.8,1.67
68.48,165.2,2.08
77.42,131.6,4.33
71.44,131.6,5.98
11.66,100.8,5.08
36.91,131.6,1.89
175.81,22.4,4.17
119.89,2.8,5.52
43.06,134.4,2.57
118.7,75.6,1.67
48.59,112,4.15
11.77,103.6,4.65
16.42,103.6,3.9
65.49,131.6,5.95
55.94,170.8,2.3
70.08,103.6,5.53
50.05,114.8,4.14
128.1,173.6,5.66
70.56,165.2,1.13
126.06,162.4,6.78
179.98,22.4,2.15
124.45,168,3.5
148.04,22.4,6.72
118.88,2.8,1.01
38.8,131.6,4.58
122.07,92.4,4.16
18.55,95.2,6.85
38.05,98,5.16
62.46,131.6,3.03
74.5,100.8,4.37
54.19,114.8,1.32
157.88,86.8,4.02
74.01,151.2,4.75
176.42,154,3.51
141.5,92.4,2.32
115.65,22.4,2.89
34.25,114.8,6.46
147.24,75.6,5.65
124.99,58.8,3.32
170.12,58.8,6.57
10.04,134.4,3.48
21.36,131.6,4.41
19.72,131.6,1.64
2.66,22.4,1.92
41.03,103.6,3.3
24.31,39.2,4.86
113.78,19.6,2.17
176.27,84,1.82
161.89,123.2,1.43
88.54,86.8,6.33
33.59,86.8,6.47
89.09,25.2,5.07
151.7,156.8,2
117.96,162.4,3.59
3.25,142.8,3.39
4.05,2.8,6.15
177.71,95.2,6.27
104.21,56,4.37
127.95,168,2.34
43.06,173.6,2.48
115.9,33.6,6.59
14.37,165.2,1.61
136.9,8.4,1.88
21.14,70,3.1
131.7,142.8,4.02
14.72,70,6.42
158.43,19.6,5.07
85.08,168,5.09
123.21,100.8,4.17
130.14,8.4,6.76
126.8,142.8,4.9
83.66,168,1.42
163.5,19.6,6.13
16.92,159.6,3.53
108.65,112,5.16
11.57,70,3.15
123.12,142.8,3.68
46.45,86.8,3.55
59.39,47.6,4.28
135.81,114.8,4.98
133.59,114.8,2.22
117.98,151.2,2.42
169.63,19.6,1.57
101.92,2.8,5.45
178.66,78.4,1.12
71.89,140,5.07
58.9,128.8,2.97
89.25,70,5.97
37.69,75.6,3.04
120.4,151.2,2.16
127.84,114.8,5.75
113.89,151.2,4.09
159.74,8.4,6.11
85.94,25.2,1.92
69.15,168,4.61
10.69,33.6,6.03
4.11,33.6,6.58
13.46,148.4,2.74
138.78,8.4,6.25
107.37,2.8,5.65
80.07,19.6,1.83
76.96,140,1.68
56.74,128.8,2.16
89.92,89.6,5.81
26.47,14,2.93
90.73,120.4,2.77
63.05,14,5.8
79.41,25.2,6.53
62.83,168,6.32
16.72,33.6,5.95
119.56,173.6,3.24
81.72,106.4,6.58
121.5,5.6,3.61
101.07,170.8,4.81
23.96,128.8,4.19
0,50.4,2.16
125.11,5.6,2.08
32.76,120.4,1.18
14.08,98,5.37
168.88,39.2,3.32
161.26,22.4,4.38
33.94,120.4,6.81
26.8,120.4,5.96
164.84,72.8,1.15
26.06,154,1.1
9.93,151.2,5.42
125.41,2.8,3.57
88.37,42,4.02
61,168,1.83
71.43,53.2,6.98
104.55,154,1.01
99.26,89.6,4.87
181.79,81.2,3.14
78.64,140,4.32
140.29,19.6,6.55
95.73,89.6,3.53
124.16,148.4,5.94
21.69,120.4,3.62
121.57,114.8,6.27
86.2,120.4,4.53
161.48,72.8,3.36
93.5,120.4,1.29
156.59,8.4,3.15
65.59,22.4,3.82
48.39,170.8,4
82.39,173.6,2.26
155.86,72.8,5.62
104.13,89.6,1.33
173.22,56,2.31
81.75,131.6,6.3
128.98,2.8,1.96
69.1,84,5.77
115.87,145.6,6.92
7.83,120.4,2.6
135.65,2.8,4.97
79.65,173.6,2.74
113.29,159.6,3.14
10.35,81.2,5.27
131.3,33.6,4.96
39.65,151.2,1.54
173.93,151.2,4.35
150.72,25.2,4.7
143.08,137.2,6.91
163.09,56,3.45
116.43,159.6,6.26
53.49,154,1.4
126.14,33.6,5.16
89.06,39.2,3.66
150.39,170.8,4.78
7.32,11.2,3.68
177.57,53.2,4.75
163.58,156.8,3.05
133.76,173.6,1.05
46.48,2.8,5.42
159.23,56,3.86
53.67,156.8,4.63
108.73,145.6,1.83
62.17,156.8,3.64
98.11,28,1.32
65.81,156.8,5.95
161.29,47.6,4.18
71.76,156.8,3.23
113.19,33.6,2.71
51.9,2.8,2.52
146.33,170.8,4.06
46.66,8.4,4.94
155.84,47.6,5.45
54.42,2.8,4.74
100.46,84,2.87
166.63,156.8,2.73
114.36,173.6,5.2
84.37,89.6,1.12
86.63,170.8,2.46
2.16,50.4,4.54
175.69,67.2,2.39
102.57,14,3.3
122.69,28,5.72
75.13,117.6,5.43
166.98,14,3.51
58.75,53.2,3.14
82.74,170.8,3.89
61.89,53.2,2.56
162.81,14,4.17
88.05,131.6,6.03
155.73,42,2.55
96.49,126,1.65
59.87,33.6,6.68
75,2.8,4.2
101.29,36.4,1.76
56.13,44.8,3.72
12.18,173.6,5.18
40.99,2.8,2.39
62.24,173.6,2.73
22.88,162.4,5.83
134.69,28,4.82
30.15,61.6,2.86
110.84,156.8,3.04
52.63,106.4,3.97
127.85,56,5.81
82.96,140,2.15
121.55,162.4,4.51
180.28,8.4,5.73
130.1,148.4,6.33
17.11,28,1.61
182.75,19.6,4.13
100.39,61.6,1.73
128.27,120.4,4.68
23.22,64.4,3.72
167.1,2.8,1.84
10.34,78.4,1.18
141.74,67.2,3.99
5.38,140,5.05
181.63,112,1.46
6.23,148.4,3.24
146.08,86.8,5.05
52.05,72.8,1.52
91.51,176.4,4.19
16.64,131.6,3.08
78.97,67.2,3.68
147.76,89.6,5
115.5,72.8,4.41
111.04,72.8,4.46
105.92,72.8,5.12
187.65,114.8,2.3
177.52,140,4.79
142.82,86.8,3.26
137.99,86.8,4.83
43.59,67.2,4.02
50.53,72.8,1.52
78.42,176.4,5.75
88.76,176.4,2.75
4.98,134.4,3.01
188.25,165.2,1.95
0,134.4,4.98
84.17,70,3.11
59.62,50.4,4
43.05,137.2,6.44
49.49,137.2,3.1
82.58,58.8,5.22
102.12,61.6,5.12
66.73,56,5.63
63.62,50.4,1.61
129.56,106.4,3.69
28.15,128.8,2.18
86.98,109.2,5.67
39.41,165.2,3.02
24.58,168,5.78
24.37,86.8,3.34
19.33,168,5.25
179.24,112,2.39
174.84,112,4.4
9.47,148.4,2.35
92.89,126,3.6
57.32,140,1.71
29.57,165.2,4.35
45.18,176.4,2.2
82.29,86.8,1.65
58.29,84,1.65
125.46,103.6,6.22
36.97,162.4,2.67
142.75,140,1.71
141.05,78.4,2.88
60.64,117.6,1.31
178.73,156.8,1.67
6.05,145.6,4.19
27.9,47.6,5.5
17.68,47.6,1.44
61.95,117.6,6.72
84.72,92.4,2.59
134.75,98,5.62
114.11,47.6,2.64
139.46,148.4,2.32
187.45,145.6,3.18
182.31,140,3.34
132.2,86.8,5.79
46.25,72.8,4.28
60.3,39.2,4.63
119.69,53.2,3.82
6.83,92.4,4.45
44.45,112,4.14
52.34,165.2,1.27
97.24,64.4,1.22
169.01,159.6,4.11
25.31,120.4,1.49
71.69,165.2,3.03
73.75,145.6,3.53
60.78,11.2,4.02
68.44,98,4.37
145.23,126,3.18
62.67,95.2,1.33
83.94,86.8,4.6
30.36,168,1.79
33.4,47.6,1.93
137.69,151.2,6.62
71.82,64.4,2.44
10.26,95.2,1.72
15.35,151.2,2.48
87.16,126,5.73
126.91,154,2.39
95.49,154,2.4
105.57,95.2,2.33
19.12,47.6,6.37
131.62,140,1.15
120.08,103.6,3.23
69.58,81.2,5.58
75.16,81.2,3.58
16.11,50.4,2.46
18.19,117.6,6.66
78.74,81.2,3.64
127.2,81.2,6.16
106.79,126,2.15
60.37,86.8,2.02
104.74,44.8,2.77
34.69,151.2,4.96
37.57,89.6,1.56
16.2,145.6,6.04
14.91,140,4.49
1.29,140,1.91
7.74,165.2,5.38
22.43,156.8,3.38
183.8,173.6,1.51
101.31,28,5.51
135.28,58.8,4.26
114.53,78.4,1.1
160.57,30.8,1.71
164.54,2.8,2.56
169.43,36.4,4.09
149.16,14,4.32
106.01,11.2,4.73
115.63,78.4,2.09
136.05,67.2,5.69
125.99,86.8,6.21
182.75,44.8,5.96
174.52,8.4,2.09
111.02,168,4.51
163.54,28,1.07
178.45,44.8,4.3
39.66,72.8,6.59
110.74,11.2,1.16
57.93,86.8,2.44
85.01,44.8,4.1
10.43,140,4.48
152.68,92.4,1.8
125.18,89.6,4.66
39.72,148.4,1.6
50.77,140,1.07
42.31,154,6.22
85.5,95.2,2.15
87.65,95.2,3.62
132.77,75.6,6.09
6.47,159.6,1.55
2.39,159.6,4.08
139.62,11.2,2.21
99.57,86.8,6.48
118.84,89.6,6.34
139.75,16.8,6.98
97.77,5.6,2.37
165.63,106.4,3.73
100.14,5.6,3.71
117.72,36.4,4.07
20.32,103.6,5.63
41.03,156.8,1.06
31.12,145.6,2.75
41.32,148.4,1.64
130.71,84,3.76
81.09,103.6,2.17
80.07,95.2,5.43
11.96,137.2,2.16
139.58,84,6.13
28.58,134.4,1.63
140.43,36.4,4.59
140.07,39.2,2.13
95.97,5.6,1.8
73.72,92.4,2.07
75.79,92.4,2.43
145.71,84,4.91
154.25,78.4,4.67
65.14,103.6,4.94
164.17,109.2,5.04
50.56,168,3.97
134.47,84,5.11
166.17,145.6,5.25
168.72,92.4,6.59
134.71,16.8,5.04
165.83,92.4,2.89
36.38,148.4,3.34
3.45,0,4.44
1.54,0,1.91
116.55,53.2,3.14
18.32,64.4,3.28
0,5.6,2.38
37.02,137.2,4.34
109.53,176.4,6.14
78.09,33.6,2.76
121.58,131.6,1.13
36.9,16.8,1.77
107.13,47.6,6.98
81.97,39.2,1.19
80.05,156.8,6.54
92.39,42,1.09
22.75,42,3.56
86.59,156.8,2.41
132.07,156.8,4.04
34.16,156.8,6.87
125.33,64.4,4.8
71.86,5.6,3.44
110.56,145.6,1.01
62.43,42,5.89
113.08,86.8,3.24
51.15,53.2,5.19
180.4,156.8,2.69
21.46,5.6,4.71
97.08,84,3.38
64.26,84,4.84
105.98,137.2,2.3
44.7,0,1.57
182.15,64.4,3.39
75.3,5.6,3.16
181.25,151.2,5.72
33.96,5.6,5.34
101.47,50.4,4.73
56.56,5.6,6.55
111.57,145.6,4.3
62.28,154,4.15
108.56,86.8,4.52
38.75,176.4,4.01
178.2,148.4,2.54
67.97,148.4,4.09
109.85,84,2.29
63.11,5.6,6.89
104,151.2,6.82
43.78,5.6,5.5
94.78,50.4,6.69
78.46,5.6,4.05
39.13,89.6,4.22
22.24,145.6,1.07
112.8,106.4,4.74
55.72,86.8,2.21
136.75,50.4,1.77
180.77,162.4,5.61
116.32,86.8,3.71
71.65,109.2,6.52
30.9,142.8,3.31
23.14,86.8,1.23
107.51,44.8,6.85
59.94,84,4.32
104.19,128.8,6.31
3.2,140,2.18
153.01,19.6,5.42
50,86.8,5.72
20.84,148.4,5.57
4.25,176.4,4.19
39.88,154,2.43
109.37,98,4.77
82.38,81.2,5.9
169.66,89.6,4.53
181.72,137.2,6.88
139.25,70,2.95
128.39,98,6.36
36.21,84,6.8
32.44,84,3.77
177.56,5.6,3.74
72.14,33.6,1.51
126.11,98,2.28
16.2,148.4,4.64
145.7,75.6,1.54
66.55,33.6,1.7
82.18,47.6,6.59
88.77,47.6,3.69
50.83,56,6.51
26.94,64.4,2.98
23.25,39.2,1.06
83.16,39.2,5.9
12.71,92.4,1.98
42.18,25.2,5.77
47.32,75.6,2
85.11,140,3.63
36.17,39.2,6.39
123.2,61.6,3.84
84.17,176.4,4.59
92.46,47.6,1.73
151.4,16.8,1.68
75.12,86.8,5.7
146.73,16.8,4.67
141.51,128.8,4.7
173.37,5.6,4.19
168.98,5.6,4.39
176.71,128.8,4.36
103.85,5.6,3.18
122.08,19.6,5.06
103.33,84,2.62
113.3,128.8,2.58
115.88,128.8,4.36
167.08,5.6,1.9
139.94,128.8,1.57
172.03,25.2,3.34
170.27,128.8,6.44
135.24,25.2,3.64
106.57,30.8,6.74
128.49,137.2,6.4
128.03,42,6.53
150.97,64.4,5.83
41.19,151.2,3.3
23.62,126,5.86
13.62,25.2,6.8
6.74,25.2,6.88
98.46,64.4,6.37
0,25.2,6.74
44.32,145.6,6.73
79.48,64.4,3.81
83.29,64.4,6.83
22.29,30.8,3.18
121.38,156.8,2.74
74.87,84,2.3
121.58,64.4,3.75
103.53,39.2,1.79
116.31,64.4,5.27
105.32,39.2,2.69
118.19,134.4,1.82
114.46,134.4,3.73
154.16,134.4,4.79
171.51,75.6,6.76
158.95,134.4,2.49
40.71,114.8,3.91
121.5,95.2,6.85
99.26,109.2,3.79
161.76,75.6,6.62
150.22,128.8,2.78
108.34,19.6,5.44
124,25.2,6.4
65.13,128.8,6.67
52.96,134.4,1.74
27.25,114.8,2.73
2.38,5.6,5.49
120.44,25.2,3.56
158.32,168,3.32
13.14,112,5.88
71.8,128.8,4.05
94.55,22.4,3.17
115.05,25.2,5.39
138.88,25.2,4.8
124.39,42,3.64
114.53,8.4,6.67
103.05,109.2,3.99
137.06,64.4,4.71
113.33,162.4,4.63
105.88,19.6,2.46
102.35,30.8,4.22
109.84,8.4,4.69
126.23,92.4,3.94
119.76,42,4.63
111.63,134.4,2.83
161.44,134.4,5.47
153,128.8,4.5
169.96,72.8,4.32
107.04,109.2,3.85
128.35,95.2,2.29
61.88,61.6,2.03
75.85,128.8,3.34
41.36,137.2,1.69
63.91,61.6,5.24
90.12,64.4,4.06
109.51,64.4,2.77
65.21,86.8,4.84
129.05,75.6,3.72
24.82,114.8,2.43
63.9,148.4,4.07
29.48,126,3.06
56.4,154,5.88
8.04,30.8,4.68
0,30.8,1.67
0,36.4,2.7
69.15,61.6,4.32
108.61,103.6,4.98
122.49,128.8,6.34
114.45,165.2,5.2
119.77,50.4,1.4
88.74,140,6.22
151.13,165.2,2.25
114.82,114.8,6.75
150.96,47.6,3.5
181.73,131.6,3.03
108.12,75.6,6.7
121.64,123.2,2.27
149.04,19.6,3.97
83.98,165.2,5.32
111.74,114.8,3.08
93.19,165.2,4.34
110.43,165.2,4.02
147.33,44.8,3.04
145.87,44.8,1.46
143.32,103.6,4.34
39.78,28,5.04
125.6,72.8,1.54
17.9,53.2,6.63
100.4,8.4,3.01
87.76,53.2,3.76
104.83,64.4,4.68
32.06,19.6,3.44
102.78,72.8,3.14
21.51,67.2,3.04
103.41,8.4,2.67
96.33,8.4,4.07
4.66,58.8,2.25
30.7,19.6,1.36
61.08,58.8,2.28
24.56,19.6,6.14
134.15,92.4,3.11
179.35,114.8,3.21
91.86,162.4,3.34
125.19,123.2,1.37
89.41,159.6,6.18
89.12,162.4,2.74
142.24,44.8,3.63
158.91,36.4,3.97
182.2,120.4,4.93
146.21,128.8,4.01
120.32,56,2.92
127.14,72.8,1.41
79.61,134.4,3.99
176.62,131.6,5.11
165.99,72.8,3.97
97.53,176.4,5.13
142.2,70,3.94
177.55,64.4,4.6
167.31,64.4,4.34
182.32,53.2,2.06
171.65,64.4,2.4
177.39,28,2.23
142.15,170.8,4.18
181.17,92.4,4.92
175.76,28,1.63
99.04,165.2,2.93
144.45,123.2,2.45
183.98,95.2,6.04
143.82,92.4,4
128.55,72.8,2.72
138.49,103.6,2.05
107.31,154,2.85
147.41,42,5.63
137.31,106.4,3.85
147.03,134.4,2.61
174.05,64.4,3.5
151.13,86.8,6.75
140.94,61.6,6.11
98.02,117.6,6.59
136.01,36.4,4.42
109.07,165.2,1.36
150.37,44.8,3.81
145.02,36.4,3.26
133.25,106.4,4.06
152.26,106.4,5.37
137.73,78.4,3.32
123.91,123.2,1.28
98.86,72.8,3.92
172.89,156.8,5.84
139.43,145.6,4.61
171.41,70,4.04
126.56,123.2,4.41
111.44,117.6,1.08
147.46,64.4,3.51
169.52,117.6,5.25
72.75,0,6.14
106.08,8.4,3.76
16.2,53.2,1.7
9.93,53.2,6.27
104.24,0,6.96
44.04,16.8,3.36
23.12,72.8,6.73
4.75,53.2,5.18
56.34,53.2,2.41
20.32,0,5.25
160.42,117.6,2.47
84.65,173.6,4.3
81.83,92.4,2.89
129.63,109.2,3.08
132.71,109.2,5.49
70.01,8.4,6.11
78.89,0,3.69
40.65,19.6,4.61
35.5,19.6,5.15
23.9,75.6,3.63
87.28,70,1.97
164.58,103.6,5.85
36.65,53.2,3.59
56.47,0,6.71
15.85,56,1.21
40.24,53.2,4.3
6.44,64.4,2.61
9.05,64.4,1.25
10.3,64.4,1.48
50.67,0,5.8
157.63,106.4,6.3
64.71,30.8,6.38
171.04,126,2.5
132.76,70,6.49
63.42,89.6,4.87
89.71,5.6,3.07
61.89,67.2,3.67
28.7,81.2,3.68
86.28,5.6,3.43
6.15,16.8,2.67
38.66,14,4.14
0,0,1.54
24.53,53.2,3.35
150.98,81.2,4.94
64.45,53.2,6.98
5.03,70,6.54
65.56,67.2,4.12
38.67,16.8,5.37
148,112,4.11
53.97,5.6,2.59
177.82,58.8,5.85
92.78,5.6,3.19
119.91,72.8,5.69
136.79,81.2,1.81
140.72,95.2,3.97
97.59,173.6,4.83
178.27,75.6,2.15
124.64,170.8,2.67
0,159.6,2.39
139.98,5.6,6.01
89.3,165.2,3.89
185.02,75.6,2.07
118.16,170.8,6.48
80.43,22.4,1.71
151.62,5.6,3.91
77.8,22.4,2.63
94.71,19.6,5.6
103.75,81.2,6.78
141.16,106.4,3.68
77.17,84,6.35
88.43,19.6,6.28
24.55,67.2,2.88
181.3,5.6,4.37
33.14,114.8,1.11
32.91,117.6,5
58.57,61.6,1.6
81.9,19.6,6.53
87.86,25.2,1.23
151.24,148.4,5.11
32.73,103.6,3.67
96.59,42,5.27
67.79,58.8,1.92
5.53,117.6,5.86
72.49,16.8,3.1
79.85,162.4,2.4
178.46,42,6.51
112.28,64.4,1.14
17.47,134.4,2.01
79.53,72.8,3.08
28.86,123.2,5.2
127.83,16.8,6.88
33.38,42,3.8
94.16,25.2,6.92
14.66,16.8,3.9
151.94,140,1.44
39.64,162.4,1.85
118.68,0,5.16
88.95,173.6,4.47
113.81,112,6.49
21.38,98,6.16
130.57,5.6,4
26.26,33.6,2.33
129.3,154,1.37
3.79,154,6.34
120.39,92.4,1.68
60.49,162.4,1.1
113.42,64.4,2.89
45.9,123.2,3.53
181.88,14,1.22
61.78,103.6,3.36
140.52,173.6,1.58
33.38,173.6,3.05
117.83,5.6,2.1
81.36,148.4,1.31
123.37,98,2.74
7.99,134.4,2.05
178.83,25.2,4.46
60.96,112,3.37
160.28,156.8,3.3
8.16,112,4.98
113.59,103.6,6.49
47.4,16.8,4.19
97.63,56,6.58
17.86,114.8,6.96
155.36,61.6,1.94
68.86,123.2,2.95
29.13,78.4,1.92
46.56,39.2,2.34
49.14,148.4,5.68
95.81,16.8,2.85
26.58,2.8,6.83
46.48,44.8,6.14
0,140,1.29
15.62,81.2,1.18
42.96,148.4,6.18
10.57,58.8,5.96
136.45,89.6,3.56
48.78,134.4,4.18
15.98,67.2,5.53
158.73,170.8,3.39
161.11,39.2,2.79
41.98,61.6,2.18
44.14,95.2,4.23
69.04,126,4.47
139.06,137.2,2.38
34.98,50.4,2.39
27.88,53.2,6.73
17.37,42,5.38
17.01,0,3.31
50.77,154,2.72
101.08,25.2,2.74
31.33,64.4,6.8
29.92,64.4,1.41
96.05,134.4,4.78
10.47,168,5.46
45,64.4,5.64
17.36,173.6,1.22
50.64,64.4,3.17
29.85,72.8,3.35
53.81,64.4,1.45
150.82,162.4,6.89
48.9,39.2,5.78
15.93,168,3.4
78.87,100.8,4.58
39.8,64.4,3.69
18.58,173.6,1.6
28.69,84,3.75
54.7,134.4,6.86
180.42,75.6,4.6
23.64,92.4,5.01
134.89,137.2,4.17
152.43,36.4,3.94
183.68,117.6,3.66
26.17,5.6,4.41
73.65,33.6,4.44
7.87,5.6,5.4
149.99,137.2,3.85
37.99,81.2,4.1
153.84,137.2,3.21
54.68,39.2,5.62
6.75,162.4,3.07
5.77,151.2,4.16
30.99,151.2,3.7
33.07,78.4,4.42
140.01,89.6,5.39
45.63,134.4,3.15
130.29,168,6.33
156.84,16.8,4.28
51.74,58.8,4.37
11.2,50.4,3
62.32,126,6.72
141.44,137.2,1.64
86.43,11.2,5
80.1,61.6,6.58
9.24,72.8,4.75
38.44,33.6,6.7
28.98,151.2,2.01
23.47,151.2,5.51
45.14,33.6,4.42
91.57,36.4,5.55
61.56,134.4,2.17
183.67,58.8,2.24
24.4,112,3.94
91.91,145.6,4.27
94.98,134.4,1.07
150.28,36.4,2.15
97.7,14,4.87
90.81,16.8,5
1.67,170.8,2.76
63.18,0,4.52
43.38,131.6,6.84
17.32,75.6,6.58
72.39,36.4,1.47
8.03,78.4,2.31
26.77,58.8,3.9
17.83,151.2,5.64
16.8,81.2,5.93
175.31,92.4,2.27
47.11,92.4,3.79
89.46,134.4,5.52
154.69,16.8,2.15
57.96,75.6,3.06
9.87,47.6,4.88
79.05,98,6.42
162.12,170.8,3.3
7.79,170.8,1.43
56.11,58.8,4.97
151.46,145.6,4.81
49.56,33.6,2.54
13.99,72.8,3.55
33.87,145.6,1.04
98.66,16.8,6.76
28.55,170.8,1.61
22.73,81.2,5.97
106.05,86.8,2.51
30.16,170.8,5.45
20.18,173.6,4.66
163.96,36.4,2.28
169.36,156.8,3.53
64.13,123.2,4.73
15.35,109.2,3.91
70.4,28,4.22
178.28,151.2,2.97
28.05,50.4,6.93
149.5,142.8,2.36
0,44.8,6.11
35.33,47.6,1.51
84.99,128.8,1.68
165.73,16.8,5.39
9.57,14,5.14
164.7,64.4,2.61
38.13,64.4,1.67
14.06,84,5.87
81.72,128.8,3.27
53.2,16.8,6.4
0,19.6,6.74
26.71,84,1.98
79.19,128.8,2.53
129.44,14,6.97
60.63,126,1.69
127.04,61.6,1.21
24.85,117.6,4.18
135.31,47.6,3.69
3.88,14,5.69
88.3,106.4,4.92
32.01,106.4,4.75
54.98,109.2,6.21
19.26,109.2,5.78
28.48,109.2,3.63
25.04,109.2,3.44
48.37,95.2,3.4
6.7,50.4,4.5
145.81,22.4,2.23
62,64.4,5.16
134.94,126,4.75
39.41,126,3.26
161.9,84,5.74
7.51,61.6,5.63
157.3,61.6,3.59
66.28,106.4,1.14
155.42,25.2,1.44
160.89,61.6,3.5
133.3,126,1.64
36.76,106.4,3.69
46.95,11.2,6.29
27.05,134.4,1.53
42.74,47.6,6.93
34.53,126,4.88
156.86,25.2,1.47
67.16,64.4,4.66
126.08,126,5.27
28.75,156.8,5.41
181.96,33.6,1.43
97.12,36.4,4.17
158.34,137.2,3.9
66.43,154,1.75
154.98,84,6.92
1.43,61.6,6.08
164.39,61.6,5.76
27.75,16.8,3.46
154.46,47.6,1.38
20.42,25.2,4.37
167.02,123.2,5.5
46.31,106.4,6.32
163.32,123.2,1.82
133.66,56,4.99
35.4,92.4,3.64
74.33,112,6.69
28.34,112,5.22
141.82,33.6,6.37
143.12,100.8,6.05
26.72,56,5.57
183.39,33.6,5.01
14.9,170.8,4.06
144.84,106.4,3.21
78.31,56,5.58
147.05,61.6,5.94
68.18,154,5.94
42.56,39.2,4
176.3,159.6,3.86
150.84,103.6,1.22
49.43,140,1.34
170.15,61.6,6.26
10.14,103.6,1.63
154.48,173.6,3.28
0,22.4,2.66
108.36,42,6.35
12.24,98,1.84
158.92,140,5
56.67,81.2,6.33
148.32,148.4,1.35
34,56,6.8
174.56,173.6,3.55
59.1,168,1.9
150.37,39.2,3.47
49.98,89.6,1.42
176.02,103.6,6.54
44.45,140,4.98
114.74,81.2,5.41
37.55,140,6.9
124.53,106.4,5.03
0,70,5.03
166.54,56,5.15
7.81,98,4.43
178.11,173.6,5.69
44.55,81.2,2.25
118.11,148.4,6.05
68,36.4,4.39
169.54,173.6,5.02
45.94,165.2,6.4
178,81.2,1.42
45.7,89.6,4.28
171.87,30.8,6
10.47,89.6,2.39
78.07,19.6,2
61.81,151.2,5.46
151.58,95.2,6.27
4.5,72.8,4.74
169.76,30.8,2.11
73.85,159.6,1.13
148.05,106.4,4.21
33.68,81.2,4.31
121.88,81.2,5.32
17.27,142.8,3.93
105.56,154,1.75
80.62,30.8,2.33
146.65,39.2,3.72
0,126,6.88
141.94,112,6.06
32.38,81.2,1.3
120.15,81.2,1.73
37.04,159.6,3.74
115.2,95.2,2.54
77.81,30.8,2.81
142.2,39.2,4.45
48.42,114.8,1.63
180.93,30.8,4.71
44.16,61.6,5.47
173.52,36.4,5.66
40.75,120.4,3.62
157.85,95.2,6.8
96.27,81.2,1.84
177.87,30.8,3.06
0,98,2.75
152.68,109.2,3.75
38.18,100.8,5.06
177.4,72.8,5.49
30.78,140,6.77
169.29,162.4,1.61
0,28,2.44
114.71,42,3.34
54.82,148.4,1.28
181.54,168,6.04
68.32,42,4.16
165.22,173.6,4.32
62,36.4,6
167.87,165.2,6.61
68.88,134.4,4.36
101.06,11.2,4.95
95.9,14,1.8
174.21,106.4,5.4
57.17,168,1.93
174.28,72.8,3.12
5.95,95.2,4.31
84.76,109.2,2.22
2.44,28,2.23
161.43,50.4,5.27
56.1,148.4,1.55
177.28,168,1.34
33.89,44.8,3.78
115.85,148.4,2.26
35.88,58.8,6.23
161.43,165.2,6.44
73.24,134.4,4.85
91.43,11.2,2.24
92.13,14,3.77
169.36,106.4,4.85
54.53,168,2.64
178.08,67.2,3.43
3.24,176.4,1.01
141.14,168,1.92
4.67,28,5.33
83.49,44.8,1.52
57.65,148.4,6.25
146.66,176.4,4.54
90.22,14,1.91
180.47,145.6,6.98
61.74,16.8,1.86
157.01,165.2,4.42
78.09,134.4,1.52
97.79,11.2,3.27
69.55,16.8,2.94
161.12,16.8,2.02
23.78,58.8,2.99
123.84,0,1.54
44.37,120.4,3.5
130.15,134.4,1.17
4.11,75.6,5.4
176.88,0,4.67
18.46,176.4,2.53
165.43,128.8,4.84
59.6,16.8,2.14
91.8,84,4.14
40.78,159.6,3.04
97.02,140,5.39
74.62,28,5.86
178.65,92.4,2.52
0,128.8,3.11
156.86,28,4.96
49.63,61.6,6.57
71.53,19.6,6.54
51.42,176.4,3.54
131.32,134.4,6.52
51.78,84,6.51
151.45,11.2,5.16
84.41,162.4,1.54
163.39,128.8,2.04
13.58,0,3.43
88.79,84,3.01
4.3,156.8,4.29
99.28,154,5.27
93.65,30.8,4.07
168.42,81.2,4.82
44.62,114.8,3.8
165.48,11.2,6.35
4.21,92.4,2.62
172.25,78.4,6.41
97.49,148.4,2.1
133.84,128.8,6.1
2.67,72.8,1.83
169.97,0,6.91
74.72,165.2,3.92
157.5,128.8,5.89
55.82,36.4,6.18
87.31,92.4,2.64
12.57,142.8,4.7
102.41,140,3.27
88.98,28,4.82
93.67,11.2,4.12
3.11,128.8,2.7
146.17,142.8,3.33
160.17,176.4,4.02
165,100.8,5.31
123.02,137.2,5.47
172.38,148.4,4.14
0,92.4,4.21
6.32,11.2,1
16.18,86.8,6.96
27.01,11.2,2.31
7.52,36.4,1.88
110.02,36.4,1.93
106.82,28,1.68
130.92,0,2.66
109.43,78.4,2.43
91.51,72.8,3.83
47.87,120.4,5.34
29.03,117.6,3.88
3.46,123.2,4.32
0,106.4,4.12
6.88,126,2.36
89.82,30.8,3.83
11.68,42,5.69
33.36,11.2,6.41
18.19,19.6,2.55
80.48,28,3.54
127.19,5.6,3.38
166.7,50.4,2.46
166.62,30.8,3.14
163.04,42,3.25
150.14,30.8,2.36
74.98,159.6,3.69
14.12,137.2,3.04
88.26,148.4,4.57
4.12,106.4,1.02
33.45,176.4,5.3
48.12,36.4,2.97
76.94,42,1.2
19.93,84,6.78
77.58,75.6,6.77
31.3,39.2,4.87
83.52,84,5.27
91.98,92.4,4.77
95.94,84,1.14
107.36,89.6,1.23
96.75,92.4,6.6
46.84,98,4.1
17.16,137.2,4.21
0,114.8,6.05
20.45,159.6,2.72
21.2,142.8,3.81
110.82,151.2,3.07
160.88,159.6,5.08
98.89,128.8,5.3
100.47,114.8,4.67
98.24,114.8,2.23
150.68,114.8,2.78
153.38,165.2,3.63
157.33,100.8,5.87
165.7,98,5.65
143.3,131.6,6.53
82.95,30.8,6.87
72.48,42,4.46
39.77,11.2,1.67
85.5,75.6,3.04
45.26,19.6,4.02
177.58,92.4,1.07
124.67,39.2,3.88
133.58,0,4.11
146.62,30.8,3.52
133.89,22.4,3.28
78.64,165.2,5.34
82.99,142.8,2
81.43,154,3.16
80.62,142.8,2.37
69.52,137.2,3.66
157.5,142.8,1.69
144.83,165.2,6.3
157.2,151.2,6.11
136.96,142.8,6.65
151.86,142.8,5.64
143.06,168,4.61
74.76,98,1.4
146.84,19.6,2.2
26.22,165.2,2.18
140.49,159.6,1.06
29.4,14,6.21
162.14,0,2.02
31.42,159.6,4
108.28,137.2,6.72
46.8,81.2,4.57
122.69,159.6,2.95
42.74,86.8,3.71
104.39,134.4,4.48
60.46,142.8,4.63
155.14,33.6,5.15
98.93,61.6,1.46
136.62,168,4.52
61.87,128.8,3.26
145.05,0,4.57
28.4,165.2,1.17
91.24,100.8,5.62
35.61,14,1.51
160.24,44.8,6.53
31.76,162.4,2.65
120.24,128.8,2.25
51.37,81.2,3.72
115.35,140,1.22
52.62,44.8,3.51
108.53,120.4,6.21
54.48,145.6,4.86
77,11.2,3.23
94.79,61.6,4.14
181.55,0,1.56
32.25,30.8,3.81
111.94,67.2,3.01
0,162.4,6.75
166.74,120.4,2.26
22.73,61.6,1.34
172.23,44.8,3.52
35.42,159.6,1.62
171.42,145.6,3.56
69.41,22.4,3.01
83.68,11.2,2.75
31.03,98,2.16
145.69,109.2,3.08
72.42,22.4,3.57
156.8,64.4,2.21
28.32,100.8,5.78
172.56,168,4.72
75.99,22.4,1.81
128.18,0,2.74
0,109.2,4.46
128.25,145.6,5.42
68.85,14,1.54
159.01,64.4,2.22
20.5,106.4,1.49
179.76,50.4,3.98
29.17,39.2,2.13
130.13,64.4,6.93
3.68,148.4,2.55
163.03,120.4,3.71
21.6,64.4,1.62
161.23,64.4,3.47
34.41,162.4,2.56
142.7,156.8,3.85
57.04,117.6,3.6
165.64,22.4,5.11
9.82,162.4,6.68
146.55,156.8,5.15
14.71,14,1.95
160.65,0,1.49
11.82,148.4,1.64
165.54,176.4,1.98
73.8,56,4.51
176.78,162.4,1.45
76.42,89.6,1.47
175.09,162.4,1.69
37.97,145.6,6.35
141.77,64.4,3.73
95.32,53.2,6.58
162.36,162.4,6.93
51.76,117.6,5.28
111.9,11.2,2.97
0,165.2,5.69
96.86,100.8,2.51
15.96,61.6,6.77
159.96,39.2,1.15
24.23,154,1.83
166.88,168,5.68
80.05,47.6,2.13
126.17,140,5.45
76.72,39.2,3.32
170.9,162.4,4.19
51.05,145.6,3.43
145.5,64.4,1.96
72.18,50.4,5.02
141.21,165.2,3.62
72.81,98,1.95
140.68,75.6,3.23
0,148.4,3.68
147.44,159.6,5.11
16.66,14,1.59
158.47,0,2.18
19.62,165.2,6.6
164.19,176.4,1.35
65.23,50.4,6.95
152.81,176.4,3.37
59.2,89.6,4.22
156.64,159.6,4.24
34.91,145.6,3.06
94.24,58.8,2.78
72.36,56,1.44
152.99,61.6,2.37
27.07,28,3.09
143.91,75.6,1.79
68.67,117.6,2.75
145.45,117.6,3.9
27.42,44.8,6.47
128.25,61.6,5.11
69.16,100.8,5.34
108.87,134.4,2.76
76.61,58.8,5.97
70.35,11.2,6.65
4.52,112,3.64
163.93,106.4,1.7
49.81,28,1.49
80.23,11.2,1.45
23.91,100.8,4.41
148.73,53.2,5.9
13.94,36.4,3.06
114.95,67.2,3.75
67.85,145.6,5.9
169.06,131.6,6.1
44.36,36.4,3.76
151.58,67.2,3.34
78.21,148.4,3.15
172.99,140,4.53
45.13,30.8,4.95
70.29,44.8,6.2
0,112,4.52
124.33,145.6,3.92
44.82,28,4.99
157.49,36.4,1.42
21.99,106.4,2.32
180.75,47.6,6.05
32.76,33.6,5.68
117.73,61.6,1.95
5.69,165.2,2.05
142.65,120.4,1.27
25.58,44.8,1.84
143.96,58.8,4.64
74.12,154,3.38
177.36,137.2,4.36
89.14,56,1.61
65.57,44.8,4.72
33.19,98,4.86
165.96,159.6,3.05
51.76,14,5.1
133.87,58.8,1.41
50.94,98,5.49
150.26,145.6,1.2
156.18,176.4,3.99
150.45,151.2,6.75
144.46,140,3.98
170.29,154,1.67
23.34,28,3.73
4.58,22.4,5.61
11.17,86.8,5.01
23.15,11.2,1.26
22.1,16.8,5.65
104.2,36.4,5.82
99.43,28,1.88
70.05,86.8,5.07
149.62,0,4.32
104.07,47.6,3.06
44.39,98,2.45
40.71,168,3.01
11.39,117.6,2.07
23.17,159.6,4.22
9.24,126,4.35
40.67,36.4,3.69
18.56,16.8,3.54
4.91,86.8,6.26
31.21,16.8,5.69
38.08,36.4,2.59
163.48,89.6,6.18
170.86,47.6,4.88
133.36,61.6,5.56
166.77,44.8,5.46
159.16,81.2,5.09
72.06,148.4,6.15
19.4,140,1.56
82.67,148.4,5.59
27.39,159.6,4.03
54.89,154,1.51
34.36,25.2,2.63
77.2,50.4,5.5
35.76,89.6,1.81
55.09,81.2,1.58
37.12,14,1.54
103.05,36.4,1.15
121.79,36.4,3.93
125.38,0,2.8
120.12,14,4.75
124.87,14,4.57
22.66,100.8,1.25
15.38,120.4,6.31
13.46,117.6,4.73
5.14,106.4,4.18
0,131.6,3.04
132.87,117.6,6.65
152.55,159.6,4.09
159.92,92.4,5.91
101.82,120.4,6.71
139.52,117.6,1.21
140.73,117.6,4.72
141.55,159.6,3.14
160.05,120.4,2.98
148.44,140,3.5
144.69,159.6,2.75
53.57,72.8,5.66
51.09,36.4,4.73
76.4,14,4.4
63,81.2,6.58
56.86,14,6.19
138.68,44.8,3.56
128.31,58.8,5.56
150.75,58.8,5.72
148.19,33.6,5.35
132.55,44.8,6.13
82.25,162.4,2.16
83.45,100.8,3.71
99.05,156.8,2.07
49.71,100.8,1.14
94.81,156.8,4.24
99.59,148.4,5.37
157.71,162.4,4.65
96.17,128.8,2.72
85.95,117.6,6.3
92.56,128.8,3.61
176.52,148.4,1.68
9.4,36.4,1.66
102.73,75.6,5.39
0,120.4,2.21
112.61,0,6.07
78.41,53.2,3.58
51.59,16.8,1.61
32.11,176.4,1.34
75.41,67.2,3.56
10.24,145.6,5.96
77.28,145.6,5.75
49.28,19.6,6.55
149.64,134.4,4.52
79.51,168,4.15
64.03,98,4.41
2.7,36.4,4.82
138.4,156.8,4.3
26.27,173.6,4.4
82.7,50.4,3.2
18.96,170.8,2.85
102.99,103.6,2.56
9.32,106.4,1
171.04,67.2,4.65
54.68,131.6,1.61
130.67,154,2.13
39.39,168,1.32
106.94,100.8,3.17
21.81,170.8,4.31
85.9,50.4,3.36
15.96,106.4,4.54
175.02,14,3.54
50.22,131.6,4.46
132.8,154,3.62
24.84,173.6,1.43
89.26,50.4,2.9
59.76,173.6,2.48
117.54,106.4,6.99
28.56,106.4,3.45
164.8,67.2,6.24
56.29,131.6,2.16
136.42,154,2.86
9.22,170.8,5.68
104.16,100.8,2.78
26.12,170.8,2.43
105.59,53.2,1.18
24.31,106.4,4.25
170.49,14,4.53
58.45,131.6,4.01
85.51,151.2,5.92
10.32,106.4,5.64
0,117.6,5.53
91.43,151.2,5.41
54.68,173.6,5.08
36.43,173.6,6.63
166.91,134.4,4.1
36.16,75.6,1.53
115.57,39.2,1.05
25.81,156.8,2.94
131.35,117.6,1.52
47.61,67.2,6.37
158.38,53.2,4.33
74.99,156.8,5.06
165.42,170.8,2.26
33.66,75.6,2.5
152.49,70,4.41
12.97,156.8,3.91
112.52,117.6,5.81
76.73,47.6,3.32
175.53,56,6.88
52.59,137.2,6.28
125.92,109.2,3.71
132.95,120.4,6.22
22.39,78.4,6.74
11.34,19.6,6.85
11.52,78.4,4.36
134.81,131.6,4.89
17.71,89.6,6.66
27.53,75.6,6.13
114.25,39.2,1.32
27.16,154,5.95
129.51,117.6,1.84
53.98,67.2,1.06
184.38,53.2,4
49.92,151.2,6.17
134.81,173.6,3.94
42.09,81.2,2.46
146.14,70,6.35
8.59,156.8,4.38
140.79,114.8,3.18
72.57,47.6,4.16
182.41,56,4.44
58.87,137.2,6.04
164.81,131.6,4.25
8.02,159.6,2.36
143.51,56,4.22
45.46,70,5.16
117.02,137.2,4.59
30.33,128.8,3.8
158.33,25.2,6.11
70.9,151.2,3.11
143.92,120.4,3.58
115.95,19.6,1.69
132.77,140,1.21
25.77,131.6,5.33
142.17,47.6,4.27
13.12,165.2,1.25
147.5,120.4,1.03
92.83,148.4,4.66
133.98,140,4.99
139.28,154,6.03
66.41,19.6,5.12
96.21,67.2,2.67
29.98,114.8,3.16
80.04,39.2,1.93
134.31,151.2,3.38
55.83,19.6,6.36
98.88,67.2,5.28
35.14,67.2,1.95
167.44,151.2,6.49
105.42,16.8,3.77
92.34,67.2,3.87
84.87,42,3.5
126.86,151.2,4.27
109.19,16.8,4.45
106.27,67.2,5.67
113.64,16.8,4.92
163.31,151.2,4.13
82.9,42,1.97
104.16,67.2,2.11
76,72.8,3.53
97.18,70,6.04
92.18,98,1.08
1.67,30.8,6.37
17.69,39.2,5.56
84.99,142.8,6.69
31.98,89.6,3.78
98.67,44.8,6.07
96.48,142.8,2.22
174.19,89.6,5.76
111.2,0,1.41
178.09,84,5.86
100.54,0,3.7
95.51,44.8,3.16
29.32,11.2,4.04
89.11,44.8,6.4
97.89,154,1.39
152.09,173.6,2.39
98.28,0,2.26
178.72,86.8,3.8
76.16,98,2.89
110.11,100.8,4.79
69.15,114.8,3.51
121.61,137.2,1.41
77.5,154,2.16
182.52,86.8,1.91
34.13,128.8,3.86
143.61,142.8,1.41
79.66,154,1.77
134.93,72.8,4.39
72.66,114.8,1.97
131.13,151.2,3.18
44.49,151.2,5.43
184.43,86.8,2.24
37.99,128.8,5.56
145.02,142.8,1.15
67.12,114.8,2.03
156.9,70,6.62
67.27,151.2,3.63
64,95.2,5.99
66.11,70,2.7
184.97,42,1.11
19.45,98,1.93
74.63,114.8,2.67
16.5,162.4,6.38
148.6,58.8,2.15
38.5,70,6.96
115,137.2,2.02
38.38,0,6.32
147.73,56,5.6
82.3,151.2,3.21
148.53,120.4,5.79
129.19,11.2,5.18
104.82,168,6.2
31.79,0,6.59
146.44,47.6,4.52
10.38,159.6,1.65
154.32,120.4,5.73
78.76,151.2,3.54
163.52,70,2.4
175.78,33.6,6.18
158.84,109.2,1.51
167.18,142.8,6.54
117.04,131.6,4.54
134.37,11.2,5.25
110.78,131.6,1.66
115.9,61.6,1.83
114.68,61.6,1.22
113.61,61.6,1.07
86.66,33.6,5.17
87.23,114.8,3.47
80.8,14,4.32
4.37,56,6.64
42.25,109.2,1.88
70,5.6,1.86
5.62,47.6,4.25
56.47,126,4.16
84.1,137.2,6.34
16.74,100.8,1.96
120.7,61.6,2.5
49.28,5.6,4.69
3.28,56,1.09
0,56,3.28
0,47.6,5.62
176.41,61.6,6.11
130.64,95.2,3.3
73.76,168,5.75
141.83,11.2,5.23
89.49,123.2,3.12
32.15,168,1.99
70.07,106.4,3.28
70.31,2.8,1.09
65.48,2.8,4.83
131.79,165.2,3.92
135.71,165.2,1.89
157.05,137.2,1.29
62.16,92.4,5.37
122.27,58.8,2.72
86.69,98,5.49
107.24,131.6,3.54
104.69,98,1.5
156.47,58.8,4.96
146.15,162.4,4.67
54.02,126,2.45
186.8,47.6,2.03
34.14,168,5.25
162.24,137.2,4.87
165.14,123.2,1.88
174.48,165.2,6.95
139,47.6,3.17
119.33,39.2,5.34
98.54,123.2,5.9
147.67,168,6.37
105.14,114.8,5.39
138.92,165.2,2.29
107.9,95.2,5.77
106.19,98,3.18
104.46,131.6,2.78
154.48,92.4,5.44
137.6,165.2,1.32
89.95,92.4,2.03
177.66,142.8,4.73
181.43,165.2,2.32
183.75,165.2,2.31
47.33,84,4.45
145.41,53.2,3.32
135.32,53.2,6.84
134.56,42,2.22
58.22,100.8,5.3
186.06,165.2,2.19
44.11,84,3.22
123.51,53.2,6.44
54.63,100.8,3.59
169.16,140,1.23
84.35,75.6,1.15
177.92,11.2,5.04
56.72,92.4,1.36
124.99,131.6,2.45
127.44,131.6,1.38
160.79,131.6,4.02
72.71,75.6,4.87
143.68,25.2,4.3
13.14,61.6,2.82
123.26,140,2.91
121.11,154,1.58
138.92,61.6,2.02
125.79,134.4,4.36
58.24,162.4,2.25
147.06,11.2,4.39
5.81,128.8,5.39
157.4,131.6,3.39
136.11,156.8,2.29
149.17,100.8,2.38
162.71,53.2,5.16
82.43,2.8,5.8
87.78,159.6,1.63
101.97,151.2,2.03
97.53,165.2,1.51
122.71,131.6,2.28
106.31,142.8,4.57
115.5,156.8,5.88
110.88,142.8,3.4
180.16,159.6,3.14
92.65,109.2,4.9
128.83,128.8,5.01
113.88,156.8,1.62
172.52,123.2,6.67
151.55,100.8,5.78
67.1,75.6,5.61
167.87,53.2,3.93
147.98,25.2,2.74
88.23,2.8,6.33
37.18,42,2.18
179.19,123.2,4.26
40.06,86.8,2.68
112.23,22.4,3.42
0,58.8,4.66
128.82,131.6,1.58
61.02,75.6,6.08
99.39,22.4,1.69
42.67,126,4.03
121.17,50.4,5.43
101.08,22.4,3.56
105.88,170.8,6.77
96.21,112,2.5
115.04,123.2,6.6
62.86,44.8,2.71
104.64,22.4,1.24
105.88,22.4,4.46
96.84,151.2,2.73
182.13,22.4,6.05
130.36,50.4,6.39
186.07,50.4,2.82
34.61,53.2,2.04
112.65,170.8,2.65
177.07,170.8,5.3
112.08,53.2,4.47
106.77,53.2,5.31
139.51,28,5.55
134.52,39.2,4.48
140.62,2.8,5.74
128.55,39.2,5.97
145.06,28,4.94
106.2,50.4,5.38
111.58,50.4,4.71
140.37,98,6.49
183.3,159.6,6.38
112.44,131.6,4.6
116.29,50.4,3.48
108.58,56,1.19
136.5,159.6,3.99
126.6,50.4,3.76
94.25,112,1.96
101.9,53.2,3.69
116.57,140,6.69
177.3,19.6,5.45
22.64,123.2,6.22
129.65,159.6,6.85
88.91,112,5.34
173.95,19.6,3.35
7.78,123.2,1.72
110.5,128.8,1.55
62.76,72.8,5.28
183.74,50.4,2.33
40.45,106.4,5.86
158.92,78.4,3.46
150.14,72.8,5.72
170.13,28,5.63
11.2,128.8,6.72
186.97,151.2,1.83
16.66,126,6.96
111.79,61.6,1.82
171.35,98,3.64
102.66,176.4,6.87
138.86,75.6,1.82
28.65,92.4,1.71
183.45,123.2,2.75
73.51,126,2.98
173.72,42,4.74
99.57,151.2,2.4
175.45,70,6.29
170.67,109.2,5.61
174.99,98,3.7
100.95,58.8,3.24
154.97,50.4,6.46
97.02,58.8,3.93
159.43,75.6,2.33
125.14,47.6,3.53
125.9,44.8,5.64
119.78,44.8,6.12
177.45,100.8,6.25
154.42,75.6,5.01
152.89,75.6,1.53
121.76,126,2.12
165.79,28,4.34
181.74,70,4.94
13.12,176.4,5.34
114.36,44.8,5.42
180.74,148.4,5.75
178.69,98,1.28
85.12,14,5.1
164.61,28,1.18
8.44,176.4,4.68
188.8,151.2,1.51
74.92,78.4,4.66
143.55,72.8,6.59
0,151.2,5.77
179.93,154,4.5
42.43,165.2,3.51
116.72,58.8,3.3
109.21,58.8,5.52
133.3,19.6,4.67
0,145.6,6.05
175.68,137.2,1.68
33.2,72.8,6.46
121.14,67.2,5.43
118.7,67.2,2.44
167.11,137.2,4.86
93.8,28,4.31
114.9,100.8,2.67
133.94,95.2,1.34
139.54,58.8,4.42
175.75,44.8,2.7
109.32,148.4,6.53
117.14,28,5.55
129.64,70,3.12
123.88,126,2.2
112.42,56,1.51
148.66,50.4,6.31
113.93,56,6.39
86.47,67.2,5.87
154.92,67.2,4.27
84.9,67.2,1.57
159.19,67.2,5.61
104.96,148.4,4.36
114.73,58.8,1.99
164.56,58.8,5.56
126.57,67.2,1.92
142.73,30.8,3.89
115.5,28,1.64
6.97,137.2,4.99
128.49,67.2,5.27
170.39,140,2.6
171.97,137.2,3.71
68.81,70,6.32
136.31,30.8,6.42
0,142.8,3.25
112.05,128.8,1.25
75.13,70,5.3
123.6,11.2,5.59
0,154,3.79
175.27,142.8,2.39
116.75,47.6,6.12
153.95,117.6,6.47
149.35,117.6,4.6
163.87,142.8,3.31
12.09,28,5.02
81.68,11.2,2
5.66,137.2,1.31
145.99,5.6,2.35
130.97,123.2,4.17
178.56,14,3.32
99.37,100.8,4.79
117.57,100.8,4
122.56,151.2,4.3
108.94,126,6.83
154.04,168,4.28
153.08,16.8,1.61
158.03,123.2,2
156.37,36.4,1.12
122.05,16.8,5.78
149.83,131.6,3.41
175.16,131.6,1.46
153.24,131.6,2.98
162.93,114.8,6.62
169,120.4,4.3
153.7,156.8,6.58
162.94,11.2,2.54
156.61,11.2,6.33
169.55,114.8,3.66
173.3,120.4,2.22
116.79,98,6.58
146.86,98,1.75
173.54,126,3.01
18.75,30.8,2.26
139.69,126,4.1
120.07,16.8,1.98
148.34,5.6,3.28
3.73,137.2,1.93
144.69,95.2,6.89
12.72,30.8,6.03
105.87,14,6.61
0,137.2,3.73
153.46,114.8,2.91
10,28,2.09
118.56,16.8,1.51
114.14,98,2.65
127.38,100.8,2.71
121.57,100.8,1.64
102.42,173.6,5.29
30.82,25.2,3.54
107.71,173.6,4.06
35.61,170.8,2.63
133.51,112,3.58
131.68,103.6,2.33
164.19,30.8,2.43
182.56,114.8,5.09
126.01,30.8,5.3
137.94,100.8,1.15
71.84,162.4,1.44
143.98,148.4,4.34
148.22,81.2,1.69
178.62,168,2.92
127.14,19.6,6.16
131.54,44.8,1.01
129.39,112,4.12
141.78,148.4,2.2
123.76,109.2,2.16
107.41,162.4,5.92
129.22,170.8,3.7
130.09,100.8,1.73
146.28,81.2,1.94
117.64,19.6,4.44
101.8,162.4,5.61
132.92,170.8,3.86
130.4,131.6,4.41
116.21,84,5.1
182.37,170.8,3.19
10.19,22.4,3.79
179.61,106.4,3.49
127.61,22.4,6.28
124.86,22.4,2.75
41.72,170.8,2.07
162.28,30.8,1.91
24.79,25.2,6.03
148.28,36.4,2
43.79,170.8,4.6
111.77,173.6,2.59
171.65,42,2.07
175.52,120.4,6.68
38.24,170.8,3.48
111.95,36.4,5.77
143.01,50.4,2.85
173.09,16.8,5.92
32.54,126,1.99
160.79,173.6,4.43
65.43,112,5.77
138.52,50.4,4.49
145.86,50.4,2.8
176.53,134.4,3.91
119.68,61.6,1.02
100.31,19.6,5.57
143.79,126,1.44
107.03,5.6,4.1
161.25,5.6,5.83
140.53,162.4,5.62
119.93,5.6,1.57
183.69,2.8,1.88
156.22,131.6,1.18
120.37,70,4.07
172.2,39.2,4.66
95.34,72.8,3.52
99.37,39.2,1.98
101.35,39.2,2.18
128.67,47.6,1.86
122.87,47.6,2.27
87.16,100.8,4.08
130.53,47.6,4.78
171.2,19.6,2.75
181.51,67.2,2.01
183.1,14,5.25
171.83,11.2,6.09
17.92,128.8,6.04
185.57,2.8,3.47
180.09,126,6.47
171.01,134.4,5.52
67.42,106.4,2.65
151.92,8.4,2.79
20.82,134.4,4.58
181.07,128.8,3.51
64.33,112,1.1
145.73,67.2,3.95
19.48,134.4,1.34
174.98,145.6,5.49
94.56,2.8,3.37
122.79,145.6,1.54
144.79,81.2,1.49
121.31,84,4.19
91.83,33.6,3.64
115.77,126,5.99
100.83,134.4,3.56
153.48,14,2.56
151.2,176.4,1.61
165.92,70,2.48
124.44,70,5.2
164.44,25.2,5.38
112.14,84,3
100.09,2.8,1.83
134.58,78.4,3.15
162.38,78.4,1.89
68.73,78.4,6.19
42.8,14,6.93
166.51,140,2.65
14.75,47.6,2.93
97.72,22.4,1.67
161.64,168,5.24
133.36,81.2,2.39
65.96,140,4.69
69.56,142.8,6.08
147.82,92.4,4.86
69.25,33.6,2.89
0,75.6,4.11
33.92,165.2,5.49
171.11,95.2,6.6
58.06,78.4,5.86
115.14,84,1.07
80.57,8.4,6.26
0,61.6,1.43
36.99,25.2,5.19
97.86,120.4,3.96
11.68,120.4,3.7
179.01,8.4,1.27
111.86,78.4,2.67
159.19,142.8,4.68
79.22,8.4,1.35
3.98,78.4,4.05
129.95,53.2,5.37
178.23,162.4,2.54
35.38,28,4.4
173.27,33.6,2.51
170.75,22.4,5.06
119.65,165.2,6.26
52.71,8.4,4.19
154.42,56,4.81
59.34,145.6,6.72
105.95,84,3.9
43.24,100.8,6.47
105.68,140,5.64
63.15,8.4,5.48
10.2,2.8,6.71
169.82,25.2,2.21
160.29,33.6,6.96
136.43,148.4,3.03
74.26,64.4,5.22
179.01,16.8,6.51
1.05,67.2,3.82
150.35,123.2,3.4
31.4,67.2,3.74
0,78.4,3.98
49.22,168,1.34
75.64,142.8,4.98
33.81,8.4,3.95
115.3,170.8,2.86
59.03,140,6.93
122.8,173.6,2.96
80.85,33.6,5.81
98.47,159.6,3.58
42.47,8.4,4.19
92.16,50.4,2.62
60.92,28,4.33
82.65,67.2,2.25
65.25,28,5.15
138.97,140,3.78
63.36,58.8,4.43
139.32,72.8,4.23
51.84,140,5.48
92.27,81.2,4
154.18,44.8,6.06
6.05,114.8,6.08
134.94,162.4,5.59
11.06,36.4,2.88
165.47,47.6,5.39
88.28,81.2,3.99
132.84,162.4,2.1
80.43,70,3.74
0,168,1.7
59.85,44.8,3.01
183.29,25.2,2.59
22.45,44.8,3.13
61.59,162.4,5.16
6.91,58.8,3.66
125.64,159.6,4.01
33.56,112,6.64
25.47,30.8,4.41
74.19,72.8,1.81
101.97,165.2,1.1
4.07,8.4,1.26
174.77,117.6,3.97
93.22,106.4,2.96
166.1,78.4,4.82
2.75,98,5.06
15.98,165.2,3.64
21.75,58.8,2.03
97.72,30.8,4.63
49.69,109.2,1.64
158.15,14,4.66
110.95,92.4,6.02
11.73,44.8,5.74
48.53,154,2.24
134.57,5.6,5.41
6.11,44.8,5.62
5.79,173.6,6.39
3.77,173.6,2.02
156.04,14,2.11
58.84,98,5.19
116.97,92.4,3.42
85.47,98,1.22
0,173.6,3.77
32.11,109.2,5.95
113.02,2.8,5.86
78.18,126,6.47
16.34,5.6,5.12
30.58,5.6,3.38
82.51,5.6,3.77
