24.25,173.6,4.48
0,173.6,6.15
36.85,151.2,5.4
29.4,151.2,4.79
14.88,148.4,2.07
37.1,33.6,4.19
6.97,8.4,1.69
39.62,154,2.73
3.7,47.6,4.96
21.52,168,3.11
18.89,176.4,5.51
17.45,168,4.07
9.67,168,4.85
174.93,176.4,1.6
40.03,131.6,4.81
25.18,154,3.86
40.07,64.4,6.58
67.73,120.4,6.99
105.29,131.6,4.84
14.27,159.6,6.5
157.7,154,1.41
47.62,142.8,1.96
182.1,168,1.09
86.41,168,5.02
4.87,56,3.95
0,61.6,2.56
91.37,61.6,4.26
81.2,30.8,5.99
120.54,117.6,3.17
19.43,142.8,2.12
105.66,148.4,4.58
53.78,123.2,1
183.28,61.6,2.16
185.75,128.8,1.72
151.16,25.2,3.48
144.11,168,6.38
157.42,176.4,5.97
170.06,154,5.7
133.44,154,6.59
128.11,154,5.33
52.19,154,1.46
69.4,14,4.25
71.58,134.4,3.66
90.28,25.2,5.36
54.2,39.2,5.05
140.03,154,5.44
123.47,39.2,1.62
2.56,61.6,6.07
75.46,30.8,5.74
111,162.4,5.91
60.53,168,1.71
175.76,154,5
180.76,154,3.25
141.33,25.2,5.8
114.53,25.2,1.04
123,61.6,5.3
125.24,22.4,1.8
35.85,22.4,2.63
47.44,42,6.34
10.07,81.2,5.64
31.4,36.4,5.39
95.92,109.2,2.29
99.1,19.6,2.37
111.76,123.2,6.44
89.45,148.4,1.84
132.64,14,1.07
87.94,67.2,5.27
137.54,14,1.23
37.72,67.2,5.05
49.38,61.6,3.6
82.7,109.2,3.13
128.31,120.4,1.47
45.92,61.6,3.46
53.39,142.8,5.19
69.14,5.6,6.46
73.13,142.8,1.69
68.79,25.2,1.55
147.13,25.2,4.03
100.9,25.2,6.12
165.84,120.4,5.27
137.64,120.4,4.55
142.74,30.8,4.19
100.89,39.2,1.89
143.82,112,1.5
114.67,39.2,2.54
109.98,53.2,1.08
126.74,50.4,6.12
73.65,14,6.04
122.61,145.6,2.12
180.87,134.4,6.47
150.03,19.6,3.74
116.01,61.6,6.99
156.47,173.6,4.77
178.42,61.6,4.86
115.7,14,3.91
171.94,168,2.1
52.41,39.2,1.79
36.69,61.6,3.96
51.78,168,4.43
24.52,137.2,2.69
72.45,173.6,1.71
57.73,154,5.2
68.08,168,4.62
164.39,14,3.04
62.93,154,5.76
90.47,134.4,4.39
46.79,25.2,1.48
88.45,134.4,2.02
102.78,39.2,1.4
72.8,95.2,2.02
167.49,137.2,1.13
62.37,89.6,6.41
94.54,117.6,3.06
146.97,137.2,6.92
119.32,137.2,1.53
76.36,117.6,5.78
65.92,72.8,4.21
119.49,109.2,1.83
184.75,137.2,4.76
144.29,123.2,5.01
64.34,81.2,4.92
182.95,137.2,1.8
76.55,89.6,3.59
148.99,100.8,4.83
71.49,89.6,5.06
121.32,109.2,5.07
63.3,137.2,6.85
62.11,151.2,3.05
27.45,151.2,1.95
41.68,140,4.25
24.61,33.6,4.77
116.36,109.2,3.13
51.87,131.6,2.52
53.65,154,4.08
91.09,131.6,2.49
1.7,19.6,3
2.5,81.2,3.12
0,36.4,2.42
74.9,170.8,1.59
9.66,142.8,2.82
168.9,2.8,4.61
160.19,56,1.24
37.77,114.8,4.96
79.96,120.4,4.64
46.25,81.2,6.16
6.65,145.6,6.53
4.86,109.2,3.24
0,140,2.41
8.1,109.2,4.51
16.73,131.6,4.37
8.86,114.8,5.23
60.59,112,5.05
6.51,120.4,2.31
16.25,117.6,4.08
0,117.6,2.6
16.14,112,6.66
20.33,117.6,3.06
136.63,137.2,5.77
167.64,16.8,6
159.54,106.4,1.93
29.73,112,6.17
8.82,120.4,5.22
8.66,117.6,2.71
5.22,106.4,6.32
15.43,137.2,6.37
22.8,112,6.93
23.96,131.6,3.67
28.44,128.8,4.17
44.08,114.8,6.48
156.07,39.2,4.19
177.61,137.2,5.34
181.01,47.6,1.38
153.94,56,6.25
169.96,28,2.41
162.17,134.4,2.72
155.61,33.6,6.99
162.48,67.2,5.56
28.14,176.4,1.92
177.06,0,2.25
103.53,123.2,4.84
34.88,137.2,6.89
52.1,151.2,5.9
18.43,81.2,4.86
74.4,148.4,4.58
51.49,92.4,4.4
126.32,28,2.62
57.71,47.6,5.09
168.78,14,1.71
0,53.2,6.48
56.73,19.6,4.87
25.21,170.8,6.43
71.12,112,6.44
0,134.4,1.91
1.91,134.4,6.54
79.79,58.8,1.27
56.21,168,1.31
16.44,19.6,6.14
58.38,28,1.95
74.88,159.6,3.51
6.48,53.2,1.57
68.42,170.8,6.48
31.38,14,4.76
62.82,117.6,6.72
0,58.8,4.51
30.14,81.2,5.97
152.21,154,2.37
91.72,170.8,5.05
107.32,170.8,1.54
116.02,16.8,5.31
125.83,156.8,1.12
49.13,16.8,4.17
17.87,16.8,3.05
60.63,22.4,3.47
73.25,58.8,6.54
98.87,176.4,2.59
83.78,81.2,1.65
166.45,176.4,6.67
50.01,75.6,4.04
36.14,14,6.59
18.41,28,3.45
23.12,2.8,5.2
6.72,2.8,2.28
36.26,42,1.93
24.87,39.2,6.24
17.58,134.4,1.51
0,28,4.63
38.74,145.6,1.43
38.12,81.2,3.78
22.58,19.6,3.91
84.4,33.6,6.63
61.06,2.8,2.12
166.36,112,2.22
8.45,134.4,4.6
8.05,53.2,6.6
67.63,30.8,6.54
91.03,39.2,2.81
105.43,8.4,1.07
93.72,2.8,4.76
79.42,53.2,6.39
66.49,28,6.13
86.21,89.6,6.7
96.81,22.4,1.43
106.67,22.4,2.15
108.82,22.4,2.65
81.56,8.4,5.92
96.87,98,1
97.87,98,1.19
143.3,81.2,5.57
172.82,98,6.77
101.47,58.8,5.36
102.79,148.4,2.87
128.08,98,3.54
124.27,120.4,4.04
42.24,8.4,2.45
57.52,8.4,3.03
56.14,8.4,1.38
64.52,8.4,6.88
67.75,2.8,6.6
41.06,8.4,1.18
62.76,11.2,2.94
32.27,53.2,3.55
70.12,58.8,3.13
46.27,33.6,4.3
28.69,8.4,4.45
57.26,2.8,3.8
42.15,145.6,2.37
56.64,81.2,1.24
77.62,98,6.41
64.78,86.8,5
166.76,22.4,2.27
99.75,5.6,4.76
88.61,16.8,4.53
98.24,22.4,6.83
123.43,98,1.09
75.26,16.8,3.61
66.2,42,5.52
23.74,50.4,5.9
105.07,22.4,1.6
71.72,42,4.85
157.05,11.2,1.91
111.74,30.8,4.94
78.07,11.2,4.46
64.1,22.4,6.61
60.13,5.6,5.39
0,5.6,3.1
142.47,142.8,6.24
131.94,100.8,6.55
120.31,81.2,2.28
145.32,112,5.77
155.33,22.4,3.63
176.71,100.8,1.9
165.5,145.6,5.89
171.39,145.6,4.98
135.26,22.4,1.1
116.72,5.6,2.92
174.04,168,2.71
104.51,5.6,6.56
164.85,142.8,1.21
126.22,142.8,3.19
165.26,5.6,4.22
139.48,5.6,1.44
50.36,103.6,2.35
11.26,28,5
2.48,50.4,4.14
155,50.4,4.54
57.88,81.2,6.46
22.76,44.8,4.4
19.09,134.4,3.95
106.41,14,2.97
77.15,28,2.91
109.38,14,6.32
79.69,14,3.08
81.4,36.4,5.84
69.78,86.8,6.19
78.27,44.8,5.36
83.63,44.8,5.11
8.7,58.8,3.55
91.88,47.6,4.48
66.83,14,2.57
65.39,28,1.1
82.53,11.2,5.49
88.74,44.8,5.88
142.9,44.8,4.37
134,5.6,5.48
173.51,2.8,5.77
28.69,44.8,6.04
22.45,47.6,5.79
21.86,28,5.89
37.73,28,2.55
32.35,137.2,2.53
66.93,36.4,2.56
27.75,28,2.68
29.38,33.6,1.85
18.85,120.4,6.41
42.05,142.8,5.57
15.98,14,5.15
7.5,156.8,1.91
12.61,109.2,4.6
13.18,145.6,6.55
35.59,109.2,6.22
24.06,103.6,4.01
30.43,142.8,1.81
23.65,5.6,5.56
41.81,109.2,4.37
54.88,109.2,3.91
8.78,131.6,5.81
0,142.8,5.22
0,131.6,4.03
27.63,131.6,2.89
21.1,131.6,2.86
12.48,142.8,6.95
4.03,131.6,4.75
14.59,131.6,2.14
94.21,168,6.89
115.24,72.8,6.16
104.79,109.2,3.71
41.9,81.2,4.35
85.83,109.2,1.11
30.29,109.2,4.06
58.79,109.2,3.11
9.86,128.8,5.69
34.35,109.2,1.24
11.54,106.4,2.62
35.9,112,6.01
5.62,81.2,2.49
6.35,112,2.57
8.92,112,4.76
0,81.2,1.25
1.25,81.2,1.25
12.72,140,3.52
0,78.4,1.43
50.41,22.4,3.75
54.66,156.8,6.17
17.21,109.2,1.1
31.28,134.4,5.9
70.15,137.2,1.57
37.18,134.4,6.23
4.55,117.6,4.11
46.63,126,3.83
81.57,145.6,4.69
36.3,64.4,3.77
17.23,58.8,6.45
7.85,64.4,5.38
0,70,3.25
32.06,103.6,5.34
21.55,142.8,3.51
100.09,53.2,6.62
98.21,109.2,6.58
116.59,58.8,4.65
90.57,56,2.53
106.71,53.2,2.12
95.63,61.6,3.03
106.83,58.8,2.78
74.16,173.6,6.59
27.94,123.2,2.56
36.16,47.6,3.95
39.19,123.2,2.98
0,95.2,1.82
33.66,78.4,2.51
27.85,78.4,5.81
97.35,39.2,3.54
3.13,56,1.74
55.47,22.4,2.49
71.9,98,5.72
19.26,126,5.23
100.97,145.6,2.6
69.32,131.6,5.64
36.08,131.6,3.95
174.57,56,2.85
149.58,70,5.85
90.85,47.6,1.03
113.34,92.4,2.34
150.49,168,6.28
69.61,56,5.64
118.92,70,6.86
63.65,64.4,5.72
63.76,70,4.47
92.45,58.8,5.26
96.07,126,1.33
93.59,126,2.48
115.99,84,4.32
118.68,47.6,2.36
27.22,70,6.97
110.5,95.2,2.71
35.33,39.2,5.64
114.95,70,2.42
131.4,70,5.84
116.63,56,3.01
165.89,11.2,2.34
133.71,14,3.83
120.72,56,3.63
117.37,70,1.55
149.01,39.2,2.47
121.95,39.2,1.52
122.98,44.8,1.42
138.32,67.2,3.19
147.98,67.2,5.58
141.46,134.4,1.71
174.41,137.2,3.2
148.23,131.6,6.88
160.77,137.2,4.7
138.37,145.6,1.88
137.55,168,4.85
171.27,67.2,1.94
180.47,70,1.77
125.78,70,5.62
0,11.2,2.71
0,33.6,5.79
28.6,61.6,2.38
91.87,11.2,3.28
29.25,134.4,2.03
177.99,16.8,2.06
184.92,11.2,2.34
180.05,16.8,2.87
79.57,159.6,1.13
62.24,168,5.84
83.78,168,2.63
114.86,165.2,4.92
106.1,145.6,5.99
43.77,28,5.23
103.57,145.6,2.53
84.82,156.8,6.05
83.83,151.2,4.59
144.56,61.6,5.76
143.45,47.6,3.91
124.28,36.4,5.46
97.96,70,3.88
93.58,131.6,6.74
134.47,142.8,1.6
134.11,36.4,1.53
108.86,170.8,3.77
113.08,70,1.87
92.93,128.8,4.91
165.31,128.8,6.6
135.94,159.6,3.15
92.72,156.8,6.67
66.8,75.6,4.08
133.4,170.8,3.34
98.66,159.6,5.1
171.64,156.8,2.56
78.18,156.8,2.67
60.25,142.8,6.69
58,151.2,4.11
56.35,126,1.58
159.44,64.4,2.22
148.86,89.6,4.39
118.01,170.8,7
128.3,61.6,6.63
90.87,156.8,1.85
137.8,78.4,1.97
80.85,156.8,3.97
134.84,156.8,6.41
143.98,67.2,1.51
141.25,156.8,2.52
93.32,19.6,5.78
125.01,170.8,4.94
138.52,176.4,4.84
159.3,156.8,2.7
129.41,131.6,6.7
178.92,70,1.55
173.21,67.2,2.61
150.11,47.6,4.44
158.41,126,3.46
158.88,25.2,6.14
176.32,16.8,1.67
180.53,19.6,1
173.64,16.8,2.68
172.46,47.6,1.9
62.81,176.4,4.42
154.95,159.6,1.97
65.35,170.8,3.07
156.1,112,5.01
120.85,86.8,4.37
100.18,86.8,2.53
83.43,56,3.49
91.38,53.2,1.83
18.16,170.8,4.68
85.09,170.8,6.63
156.92,159.6,2.76
100.54,156.8,5.07
72.7,168,3.69
136.74,170.8,1.83
10.25,36.4,2.94
111.6,176.4,1.88
107.3,70,5.78
105.73,47.6,2.06
101.47,47.6,1.25
165.56,151.2,5.01
108.13,64.4,3.9
91.8,64.4,4.54
101.57,64.4,6.56
30.06,176.4,6.08
84.46,176.4,5.25
132.2,86.8,5.21
81.53,70,4.89
144.64,95.2,3.65
147.61,86.8,4.61
179.2,142.8,3.24
116.62,120.4,3.64
129.78,120.4,6.7
159.73,128.8,5.58
179.77,120.4,2.88
167.61,156.8,4.03
132.2,162.4,1.93
167.47,165.2,4.21
136.48,120.4,1.16
137.56,75.6,3.18
127.76,162.4,4.44
133.06,156.8,1.78
156.35,84,5.54
89.47,112,1.8
105.61,156.8,5.76
111.66,120.4,4.96
74.66,151.2,5.51
101.72,120.4,4.67
170.57,151.2,5.71
80.18,72.8,2.41
60.84,75.6,5.96
76.49,170.8,6.01
181.59,176.4,5.02
97.53,176.4,1.34
93.93,176.4,3.6
89.71,176.4,4.22
137.24,70,6.14
129.95,170.8,3.45
136.55,58.8,3.55
132.25,137.2,4.38
139.34,95.2,1.69
69.87,33.6,6.62
98.31,25.2,2.59
75.08,92.4,5.77
119.61,14,6.86
35.03,92.4,3.8
157.26,8.4,5.1
157.65,14,4.76
50.75,56,5.38
40.31,126,6.32
3.25,70,5.15
4.4,156.8,3.1
42.81,156.8,3.82
83.62,162.4,2.65
86.92,56,3.65
61.78,67.2,1.52
81.75,67.2,6.19
61.6,84,4.49
92.87,78.4,4.5
20,162.4,1.28
49.15,156.8,5.51
19.73,145.6,4.6
1.43,145.6,5.22
50.29,145.6,6.76
87.87,137.2,2.29
86.27,162.4,6.5
40.3,25.2,6.49
23.27,151.2,4.18
74.96,131.6,4.54
4.62,84,5.81
0,44.8,6.25
15.14,98,4.56
10.7,25.2,4.96
1.26,120.4,5.25
37.99,8.4,3.07
12.9,16.8,3.93
6.9,16.8,3.36
0,30.8,2.02
57.05,145.6,6.29
48.27,25.2,5.96
5.08,25.2,5.62
26.71,25.2,3.5
15.66,25.2,3.67
0,64.4,3.66
46.65,64.4,4.47
47.73,137.2,6.61
4.05,89.6,3.88
13.64,8.4,5.82
0,84,4.62
0,14,4.25
13.44,5.6,4.04
26.77,14,4.61
10.26,16.8,2.64
21.8,137.2,2.72
26.87,145.6,3.27
3.66,64.4,4.19
24.49,126,5.11
17.48,86.8,4.8
2.6,117.6,1.95
6.64,103.6,3.95
17.04,151.2,6.23
12.72,126,6.54
47.04,123.2,6.74
13.05,134.4,4.53
8.82,56,3.07
63.34,145.6,1.53
22.84,170.8,2.37
3.48,39.2,3.16
32.45,42,2.38
9.78,19.6,6.66
0,123.2,5.2
11.19,137.2,4.24
6.62,50.4,5.55
10.8,126,1.92
5.22,142.8,4.44
13.01,162.4,4.6
4.25,14,3.93
8.18,14,1.85
12.09,151.2,4.95
0,16.8,6.9
10.14,5.6,3.3
5.49,22.4,5.93
36.06,5.6,5.93
9,2.8,5.06
83.51,64.4,5.96
78.35,5.6,6.86
2.71,11.2,4.19
85.15,137.2,2.72
96.67,162.4,4.95
65.72,156.8,4.23
46.63,156.8,2.52
58.6,25.2,2.66
60.83,156.8,4.89
0,162.4,5.86
0,179.2,2.2
2.2,179.2,3.48
2.16,170.8,1.64
0,112,6.35
13.68,112,2.46
4.41,168,5.26
11.84,165.2,6.78
6.87,114.8,1.99
5.54,137.2,5.65
7.42,170.8,3.63
4.11,86.8,2.61
0,165.2,5.37
13.08,170.8,1.1
0,137.2,5.54
21.28,128.8,1.05
55.7,128.8,1.61
85.91,58.8,4.14
40.19,86.8,4.71
41.03,106.4,1.38
14.09,114.8,3.08
14.04,120.4,4.81
58.35,106.4,3.87
19.35,114.8,3.1
0,114.8,6.87
136.12,176.4,2.4
151.78,176.4,1.74
137.41,86.8,4.11
108.35,114.8,5.31
177.21,134.4,3.66
131.62,98,5.35
158.68,128.8,1.05
166.89,86.8,1.95
157.64,170.8,6.13
72.36,156.8,5.82
143.36,176.4,6.88
111.96,98,6.31
108.39,98,3.57
102.46,78.4,2.9
115.19,36.4,3.13
119.23,151.2,3.83
169.77,134.4,3.98
29.64,50.4,4.6
34.02,100.8,2.26
109.61,58.8,6.98
72.34,22.4,2.12
146.82,22.4,1.83
117.16,28,5.96
114.47,50.4,3.87
148.27,120.4,1.7
165.96,134.4,3.81
83.88,86.8,1.11
72.53,8.4,4.7
84.34,112,3.9
131.88,134.4,4.99
97.9,30.8,5.2
111.26,28,5.9
175.86,120.4,3.91
116.31,103.6,6.43
166.37,98,2.93
166.54,36.4,2.59
166,72.8,4.46
74.18,140,4.61
97.71,58.8,3.76
75.42,36.4,2.34
76.95,53.2,2.47
103.63,117.6,3.85
137.15,109.2,5.59
153.46,140,3.09
155.39,145.6,5.75
153.45,117.6,5.13
155.35,106.4,4.19
149.97,120.4,6.92
171.69,75.6,2.04
153.15,75.6,6.59
168.8,75.6,2.89
168,84,6.48
106.07,86.8,1.22
161.89,84,6.11
122.84,92.4,3.4
126.8,84,6.45
170.51,92.4,6.66
137.84,72.8,5.77
184.63,145.6,3.75
159.65,72.8,6.35
154.03,84,2.32
174.48,84,2.38
162.52,162.4,3.13
166.74,78.4,1.46
158.19,89.6,7
147.08,78.4,3.98
75.26,106.4,6.47
52.71,106.4,5.64
15.55,128.8,5.73
101.49,11.2,5.81
34.99,56,3.65
148.48,106.4,6.87
65.63,25.2,3.16
143.26,8.4,3.88
72.53,0,6.78
87.76,106.4,6.28
41.61,11.2,5.89
172.53,0,4.53
181.53,19.6,2.92
158.58,117.6,5.67
3.8,170.8,3.62
5.07,176.4,6
179.42,151.2,6.27
9.39,159.6,4.88
11.9,98,3.24
13.74,176.4,5.15
113.87,11.2,1.57
35.5,98,5.77
0,170.8,2.16
55.29,176.4,3.04
179.99,131.6,6.83
5.12,128.8,4.74
174.82,8.4,1.86
33.14,8.4,4.85
178.61,100.8,3.29
58.43,89.6,3.94
24.63,168,2.48
5.79,33.6,1.38
160.94,140,2.69
158.13,72.8,1.52
65.9,56,3.71
25.26,120.4,5.79
10.81,75.6,1.62
12.43,75.6,4.05
13.91,72.8,5.28
45.9,168,5.88
144.18,92.4,6.71
162.36,8.4,3.76
167.57,100.8,2.23
75.25,56,5.73
69.49,36.4,5.93
151.18,36.4,4.48
142.56,39.2,6.45
162.31,50.4,1.7
53.78,42,5.48
13.48,39.2,6.77
111.47,22.4,3.58
63.77,33.6,2.41
137.96,16.8,4.56
20.25,39.2,2.95
97.86,86.8,2.32
61.83,42,4.37
132.86,50.4,2.96
74.46,22.4,1.88
23.47,25.2,3.24
31.31,22.4,2.38
93.14,16.8,4.8
73.37,25.2,2.69
137.19,39.2,5.37
68.71,39.2,4.66
147.61,114.8,2.14
14.88,42,2.73
128.33,30.8,3.18
62.55,39.2,3.05
107.29,86.8,2.9
60.06,98,5.04
121.4,72.8,3.56
72.65,47.6,2.58
142.28,114.8,3.42
73.49,100.8,5.55
17.61,42,6.42
16.23,56,1.51
93.1,56,2.57
92.39,30.8,5.51
23.2,39.2,1.67
43.63,19.6,2.08
77.23,8.4,4.33
64.38,16.8,5.98
4.7,19.6,5.08
70.36,16.8,1.89
107.79,47.6,4.17
114.48,67.2,5.52
59.26,42,2.57
89.18,47.6,1.67
74.35,2.8,4.15
31.94,2.8,4.65
14.06,2.8,3.9
87.48,8.4,5.95
76.06,25.2,2.3
45.22,56,5.53
19.33,25.2,4.14
112.36,8.4,5.66
71.4,8.4,1.13
101.9,2.8,6.78
125.56,47.6,2.15
154.55,47.6,3.5
111.96,47.6,6.72
104.72,47.6,1.01
62.32,44.8,4.58
95.59,5.6,4.16
29.21,5.6,6.85
17.96,2.8,5.16
70.34,25.2,3.03
61.26,25.2,4.37
29.99,22.4,1.32
84.91,2.8,4.02
85.21,5.6,4.75
93.84,39.2,3.51
131.68,5.6,2.32
127.66,56,2.89
6.72,86.8,6.46
111.07,5.6,5.65
103.81,56,3.32
107.3,11.2,6.57
0,39.2,3.48
0,67.2,4.41
1.49,56,1.64
2.41,140,1.92
62.6,56,3.3
0,109.2,4.86
140.74,75.6,2.17
100.21,33.6,1.82
132.15,8.4,1.43
160.04,98,6.33
5.37,165.2,6.47
0,176.4,5.07
102.72,47.6,2
74.18,154,3.59
24.28,36.4,3.39
20.2,100.8,6.15
142.25,19.6,6.27
124.73,145.6,4.37
147.08,128.8,2.34
75.97,86.8,2.48
77.77,154,6.59
44.31,61.6,1.61
119.76,140,1.88
98.78,114.8,3.1
131.66,114.8,4.02
68.66,92.4,6.42
153.82,100.8,5.07
56.52,33.6,5.09
110.48,128.8,4.17
127.2,140,6.76
128.31,75.6,4.9
75.17,72.8,1.42
88.06,140,6.13
54.36,84,3.53
105.93,36.4,5.16
74.66,128.8,3.15
156.89,120.4,3.68
63.85,123.2,3.55
70.54,109.2,4.28
92.88,72.8,4.98
113.02,72.8,2.22
102.93,72.8,2.42
98.38,78.4,1.57
132.13,92.4,5.45
161.14,145.6,1.12
73.2,44.8,5.07
108.77,30.8,2.97
81.81,142.8,5.97
53.57,95.2,3.04
94.68,100.8,2.16
152.38,72.8,5.75
120.34,30.8,4.09
157.24,114.8,6.11
35.24,120.4,1.92
10.43,84,4.61
50.25,98,6.03
50.56,114.8,6.58
82.42,22.4,2.74
118.02,8.4,6.25
142.33,84,5.65
166.47,95.2,1.83
97.42,36.4,1.68
103.1,30.8,2.16
95.16,145.6,5.81
70.56,100.8,2.93
64.99,61.6,2.77
88.3,114.8,5.8
37.16,120.4,6.53
22.28,86.8,6.32
36.28,100.8,5.95
97.68,8.4,3.24
38.64,56,6.58
141.03,95.2,3.61
154.23,109.2,4.81
56.14,70,4.19
79.1,109.2,2.16
155.18,8.4,2.08
28.81,22.4,1.18
85.16,22.4,5.37
98.66,61.6,3.32
103.97,114.8,4.38
24.03,42,6.81
30.43,28,5.96
107.3,19.6,1.15
38.48,22.4,1.1
90.79,14,5.42
166.25,117.6,3.57
37.68,117.6,4.02
46,75.6,1.83
34.93,95.2,6.98
97.37,78.4,1.01
85.13,131.6,4.87
176.28,151.2,3.14
93.1,36.4,4.32
88.08,28,6.55
78.28,142.8,3.53
94.91,92.4,5.94
67.12,50.4,3.62
146.11,72.8,6.27
72.62,28,4.53
121.88,22.4,3.36
74.17,30.8,1.29
169.82,117.6,3.15
30.32,117.6,3.82
18.84,78.4,4
25.04,84,2.26
103.81,100.8,5.62
67.99,131.6,1.33
162.54,142.8,2.31
66.9,44.8,6.3
82.44,33.6,1.96
59.01,140,5.77
81.92,84,6.92
23.27,61.6,2.6
163.91,92.4,4.97
79.7,33.6,2.74
170.97,58.8,3.14
89.68,123.2,5.27
105.35,72.8,4.96
49.26,72.8,1.54
133.21,75.6,4.35
117.28,64.4,4.7
115.27,75.6,6.91
138.95,64.4,3.45
131.58,72.8,6.26
57.84,64.4,1.4
118.27,98,5.16
80.17,151.2,3.66
121.98,64.4,4.78
45.34,100.8,3.68
139.66,140,4.75
91.6,151.2,3.05
150.32,61.6,1.05
81.4,123.2,5.42
99.07,72.8,3.86
31.45,75.6,4.63
126.48,75.6,1.83
77.76,36.4,3.64
137.58,92.4,1.32
50.57,33.6,5.95
150.75,64.4,4.18
56.29,72.8,3.23
110.31,72.8,2.71
64.78,140,2.52
111.95,61.6,4.06
54.52,100.8,4.94
141.79,145.6,5.45
90.42,145.6,4.74
111.06,53.2,2.87
84.47,61.6,2.73
88.84,84,5.2
88.54,100.8,1.12
162.78,100.8,2.46
59.46,100.8,4.54
82.08,61.6,2.39
99.06,98,3.3
109.43,100.8,5.72
75.58,64.4,5.43
94.04,84,3.51
85.4,100.8,3.14
158.89,100.8,3.89
64,100.8,2.56
87.2,61.6,4.17
70.88,75.6,6.03
105.63,95.2,2.55
36.07,67.2,1.65
96.3,137.2,6.68
47.9,151.2,4.2
86.81,159.6,1.76
83.09,159.6,3.72
52.13,36.4,5.18
80.7,159.6,2.39
27.67,36.4,2.73
0,72.8,5.83
131.3,176.4,4.82
86.82,123.2,2.86
171.87,86.8,3.04
3.24,75.6,3.97
183.38,109.2,5.81
41.48,19.6,2.15
100.92,8.4,4.51
183.7,159.6,5.73
172.01,89.6,6.33
2.88,100.8,1.61
101.46,176.4,4.13
42.35,154,1.73
102.03,33.6,4.68
4,151.2,3.72
158.48,123.2,1.84
78.39,159.6,1.18
177.21,109.2,3.99
19.19,72.8,5.05
88.02,11.2,1.46
0,75.6,3.24
136.91,151.2,5.05
73.36,159.6,1.52
179.98,22.4,4.19
3.64,2.8,3.08
173.53,109.2,3.68
173.71,126,5
141.59,165.2,4.41
125.78,159.6,4.46
84.36,154,5.12
93.43,8.4,2.3
88.93,2.8,4.79
141.96,151.2,3.26
109.26,154,4.83
48.54,162.4,4.02
50.67,154,1.52
174.23,22.4,5.75
171.48,22.4,2.75
0,8.4,3.01
95.73,8.4,1.95
8.66,8.4,4.98
42.23,100.8,3.11
66.56,100.8,4
43.87,2.8,6.44
44.69,8.4,3.1
108.5,109.2,5.22
124.53,100.8,5.12
62.77,134.4,5.63
102.98,137.2,1.61
179.48,50.4,3.69
47.83,75.6,2.18
167.77,53.2,5.67
11.42,22.4,3.02
14.44,22.4,5.78
7.93,89.6,3.34
7.17,33.6,5.25
89.48,11.2,2.39
84.21,16.8,4.4
5.83,72.8,2.35
7.21,75.6,3.6
41.03,0,1.71
16.26,0,4.35
47.79,8.4,2.2
104.81,106.4,1.65
57.93,126,1.65
172.89,36.4,6.22
20.22,22.4,2.67
97.55,84,1.71
148.75,30.8,2.88
75.64,53.2,1.31
139.18,56,1.67
0,42,4.19
11.27,89.6,5.5
16.77,89.6,1.44
1.43,78.4,6.72
102.8,89.6,2.59
99.26,84,5.62
113.72,109.2,2.64
108.18,95.2,2.32
98.07,42,3.18
131.51,30.8,3.34
146.87,56,5.79
74.82,109.2,4.28
83.05,95.2,4.63
92.1,109.2,3.82
15.04,84,4.45
36.17,78.4,4.14
21.91,33.6,1.27
50.49,109.2,1.22
93.21,67.2,4.11
0,56,1.49
25.62,56,3.03
57.41,30.8,3.53
38.83,92.4,4.02
54.23,25.2,4.37
133.62,25.2,3.18
56.36,44.8,1.33
142.19,106.4,4.6
2.42,36.4,1.79
1.82,95.2,1.93
124.96,72.8,6.62
14.16,106.4,2.44
40.31,78.4,1.72
0,50.4,2.48
8.18,72.8,5.73
115.68,92.4,2.39
51.96,84,2.4
89.47,64.4,2.33
6.8,92.4,6.37
93.76,92.4,1.15
78.69,84,3.23
61.54,95.2,5.58
65.08,92.4,3.58
21.26,92.4,2.46
38.67,50.4,6.66
46.38,92.4,3.64
142.07,131.6,6.16
126.47,14,2.15
86.66,117.6,2.02
159.54,50.4,2.77
43.4,22.4,4.96
9.2,95.2,1.56
4.21,36.4,6.04
9.31,30.8,4.49
2.02,30.8,1.91
3.93,30.8,5.38
13.23,64.4,3.38
125.23,50.4,1.51
113.21,95.2,5.51
127.42,5.6,4.26
153.52,176.4,1.1
142.4,168,1.71
157.5,165.2,2.56
160.06,165.2,4.09
119.96,36.4,4.32
138.77,14,4.73
163.11,103.6,2.09
144.84,103.6,5.69
149.75,151.2,6.21
136.11,131.6,5.96
115.84,168,2.09
154.93,64.4,4.51
183.19,168,1.07
125.05,112,4.3
44.08,154,6.59
135.39,58.8,1.16
15.04,86.8,2.44
144.89,100.8,4.1
24.66,11.2,4.48
141.21,50.4,1.8
163.57,58.8,4.66
51.27,14,1.6
39.58,22.4,1.07
49.67,11.2,6.22
16.26,28,2.15
65.52,5.6,3.62
141.52,86.8,6.09
89.96,5.6,1.55
91.51,5.6,4.08
177.27,50.4,2.21
126.62,33.6,6.48
154.54,58.8,6.34
125.22,86.8,6.98
145.98,53.2,2.37
145.09,58.8,3.73
151.29,50.4,3.71
110.19,86.8,4.07
29.14,11.2,5.63
57.01,16.8,1.06
40.65,22.4,2.75
53.3,16.8,1.64
162.6,33.6,3.76
47.5,11.2,2.17
57.33,11.2,5.43
33.69,22.4,2.16
145.05,36.4,6.13
47.5,16.8,1.63
127.43,42,4.59
116.47,42,2.13
148.35,53.2,1.8
54.94,16.8,2.07
61.95,16.8,2.43
167.1,89.6,4.91
113.71,106.4,4.67
79.23,39.2,4.94
121.33,16.8,5.04
60.55,8.4,3.97
132.02,42,5.11
112.03,64.4,5.25
114.26,86.8,6.59
125.59,89.6,5.04
132.55,56,2.89
82.77,14,3.34
53.58,86.8,4.44
30.5,123.2,1.91
96.9,151.2,3.14
11.26,123.2,3.28
17.56,95.2,2.38
11.89,56,4.34
122.74,103.6,6.14
65.16,151.2,2.76
141.61,30.8,1.13
36.97,145.6,1.77
155.96,151.2,6.98
78.77,120.4,1.19
82.53,78.4,6.54
90,131.6,1.09
34.43,140,3.56
59.54,78.4,2.41
118.6,42,4.04
14.65,53.2,6.87
99.79,140,4.8
57.15,112,3.44
161.37,78.4,1.01
32.29,89.6,5.89
133.96,112,3.24
74.82,95.2,5.19
160.88,58.8,2.69
23.47,98,4.71
153.45,103.6,3.38
59.58,126,4.84
105,70,2.3
41.27,98,1.57
130.57,112,3.39
37.03,86.8,3.16
148.82,58.8,5.72
52.01,120.4,5.34
117.88,145.6,4.73
48.65,112,6.55
122.18,75.6,4.3
41.08,84,4.15
128.88,103.6,4.52
49.24,70,4.01
142.4,64.4,2.54
32.21,64.4,4.09
129.65,100.8,2.29
52.12,140,6.89
105.13,61.6,6.82
49.02,100.8,5.5
148.7,145.6,6.69
74.72,120.4,4.05
3.75,95.2,4.22
8.4,70,1.07
151.37,61.6,4.74
32.22,140,2.21
133.96,140,1.77
86.42,70,5.61
161.64,131.6,3.71
118.01,100.8,6.52
11.05,67.2,3.31
7.97,95.2,1.23
132.1,64.4,6.85
97.4,120.4,4.32
97.32,67.2,6.31
9.47,70,2.18
154.62,98,5.42
26.9,95.2,5.72
5.16,0,5.57
4.51,58.8,4.19
8.66,47.6,2.43
164.11,30.8,4.77
40,168,5.9
145.22,151.2,4.53
93.21,53.2,6.88
143.05,162.4,2.95
146,165.2,6.36
0,92.4,6.8
19.7,98,3.77
135.44,56,3.74
69.08,128.8,1.51
101.47,19.6,2.28
20.02,11.2,4.64
140.25,145.6,1.54
33.8,98,1.7
82.47,128.8,6.59
37.99,140,3.69
51.94,134.4,6.51
66.1,128.8,2.98
43.24,128.8,1.06
77.88,168,5.9
40.17,145.6,1.98
44.52,145.6,5.77
10.72,140,2
30.21,25.2,3.63
4.33,140,6.39
178.08,95.2,3.84
151.48,39.2,4.59
16.24,140,1.73
145.4,128.8,1.68
100.61,75.6,5.7
155.66,36.4,4.67
105.99,42,4.7
128.97,126,4.19
156.55,140,4.39
166.97,39.2,4.36
173.53,100.8,3.18
142.19,120.4,5.06
131.85,142.8,2.62
122.47,112,2.58
110.91,75.6,4.36
171.63,100.8,1.9
168.04,67.2,1.57
185.4,92.4,3.34
120,67.2,6.44
186.94,165.2,3.64
145.47,154,6.74
138.49,100.8,6.4
155.11,131.6,6.53
162.97,168,5.83
59.25,39.2,3.3
87.24,36.4,5.86
83.22,103.6,6.8
67.3,140,6.88
88.7,120.4,6.37
67.92,151.2,6.74
45.23,84,6.73
49.58,142.8,3.81
30.94,114.8,6.83
68.4,134.4,3.18
153.56,67.2,2.74
61.98,114.8,2.3
108.33,103.6,3.75
143.61,128.8,1.79
105.55,134.4,5.27
108.93,140,2.69
110.85,84,1.82
118.72,95.2,3.73
148.36,75.6,4.79
148.29,95.2,6.76
145.49,67.2,2.49
8.63,61.6,3.91
153.13,92.4,6.85
134.53,67.2,3.79
137.2,112,6.62
154.46,114.8,2.78
131.82,148.4,5.44
136.07,142.8,6.4
34.19,70,6.67
75.23,47.6,1.74
25.87,61.6,2.73
68.69,154,5.49
154.16,162.4,3.56
112.67,84,3.32
70.14,84,5.88
66.09,84,4.05
124.94,154,3.17
103.87,154,5.39
157.72,162.4,4.8
139.97,128.8,3.64
114.65,128.8,6.67
141.06,36.4,3.99
149.75,114.8,4.71
169.87,123.2,4.63
155.59,148.4,2.46
153.28,142.8,4.22
149.47,162.4,4.69
116.93,131.6,3.94
115.75,142.8,4.63
134.97,78.4,2.83
127.91,95.2,5.47
173.73,75.6,4.5
168.3,95.2,4.32
169.21,64.4,3.85
177.17,92.4,2.29
90.56,95.2,2.03
11.65,70,3.34
47.55,70,1.69
58.35,148.4,5.24
26.88,114.8,4.06
86.68,148.4,2.77
57.14,114.8,4.84
107.28,162.4,3.72
70.22,47.6,2.43
14.47,61.6,4.07
36.79,36.4,3.06
78.36,25.2,5.88
94.1,114.8,4.68
58.58,142.8,1.67
100.09,148.4,2.7
73.8,162.4,4.32
129.07,11.2,4.98
95.15,11.2,6.34
92.66,86.8,5.2
145.68,78.4,1.4
162.68,2.8,6.22
135.7,19.6,2.25
171.48,25.2,6.75
170.63,140,3.5
181.89,11.2,3.03
160.19,86.8,6.7
126.8,11.2,2.27
120.97,154,3.97
137.26,148.4,5.32
91.75,75.6,3.08
155.85,86.8,4.34
151.59,33.6,4.02
174.2,148.4,3.04
148.05,42,1.46
180.42,165.2,4.34
67.23,176.4,5.04
150.24,176.4,1.54
55.5,165.2,6.63
57.52,168,3.01
0,148.4,3.76
95.41,148.4,4.68
32.24,142.8,3.44
168.8,168,3.14
66.43,165.2,3.04
60.14,176.4,2.67
25.72,165.2,4.07
23.45,156.8,2.25
29.79,165.2,1.36
48.27,176.4,2.28
38.27,165.2,6.14
159.04,109.2,3.11
166.36,33.6,3.21
140.84,92.4,3.34
94.83,75.6,1.37
156.3,67.2,6.18
168.23,58.8,2.74
152.22,86.8,3.63
126.76,64.4,3.97
149.51,42,4.93
96.2,33.6,4.01
150.53,103.6,2.92
156.72,53.2,1.41
122.63,33.6,3.99
146.48,33.6,5.11
172.62,95.2,3.97
114.63,140,5.13
121.65,89.6,3.94
106.31,75.6,4.6
122.45,95.2,4.34
139.77,78.4,2.06
133.38,95.2,2.4
160.48,95.2,2.23
165.03,64.4,4.18
117.71,33.6,4.92
168.88,92.4,1.63
172.64,50.4,2.93
169.03,22.4,2.45
149.42,28,6.04
137.58,33.6,4
165.2,103.6,2.72
141.58,33.6,2.05
143.63,33.6,2.85
118.7,173.6,5.63
141.83,78.4,3.85
181.06,75.6,2.61
112.52,16.8,3.5
117.94,156.8,6.75
126.95,156.8,6.11
85.16,75.6,6.59
167.92,103.6,4.42
169.13,36.4,1.36
164.9,148.4,3.81
144.79,42,3.26
158.62,2.8,4.06
129.89,22.4,5.37
164.15,165.2,3.32
179.69,28,1.28
175.28,142.8,3.92
129.15,16.8,5.84
172.16,33.6,4.61
122.59,81.2,4.04
96.2,75.6,4.41
119.64,56,1.08
135.09,103.6,3.51
153.77,19.6,5.25
59.35,173.6,6.14
55.59,173.6,3.76
9.56,123.2,1.7
30.58,156.8,6.27
65.49,173.6,6.96
46.83,173.6,3.36
108.13,165.2,6.73
34.91,148.4,5.18
69.95,156.8,2.41
40.09,148.4,5.25
141.51,67.2,2.47
79.48,81.2,4.3
25.94,140,2.89
98.31,173.6,3.08
88.4,173.6,5.49
80.75,173.6,6.11
38.29,173.6,3.69
33.68,173.6,4.61
33.12,165.2,5.15
26.95,156.8,3.63
31.15,165.2,1.97
165.58,70,5.85
20.66,173.6,3.59
13.95,173.6,6.71
32.47,173.6,1.21
62.13,165.2,4.3
36.85,156.8,2.61
25.7,156.8,1.25
45.34,148.4,1.48
46.82,148.4,5.8
130.84,165.2,6.3
78.08,176.4,6.38
143.61,72.8,2.5
101.39,173.6,6.49
39.21,176.4,4.87
36.14,176.4,3.07
22.05,165.2,3.67
19.77,156.8,3.68
18.62,165.2,3.43
11.07,176.4,2.67
9.81,173.6,4.14
86.86,173.6,1.54
39.46,156.8,3.35
125.9,165.2,4.94
46.87,170.8,6.98
9.41,156.8,6.54
91.29,148.4,4.12
25.06,142.8,5.37
143.77,156.8,4.11
82.5,170.8,2.59
146.46,148.4,5.85
62.16,170.8,3.19
168.77,170.8,5.69
173.12,176.4,1.81
180.72,170.8,3.97
124.58,131.6,4.83
129.67,148.4,2.15
165.1,53.2,2.67
24.86,30.8,2.39
105.59,176.4,6.01
144.41,140,3.89
122.28,148.4,2.07
148.87,81.2,6.48
107.91,137.2,1.71
123.71,117.6,3.91
73.73,117.6,2.63
94.19,140,5.6
77.56,112,6.78
109.65,81.2,3.68
45.59,134.4,6.35
156.83,103.6,6.28
87.68,95.2,2.88
99.48,81.2,4.37
85.43,81.2,1.11
86.54,81.2,5
62.34,103.6,1.6
81.53,140,6.53
88.24,112,1.23
96.36,47.6,5.11
24.18,78.4,3.67
106.39,120.4,5.27
28.83,140,1.92
73.37,39.2,5.86
67.13,148.4,3.1
90.05,58.8,2.4
101.82,103.6,6.51
96.82,70,1.14
21.49,67.2,2.01
55.35,89.6,3.08
87.19,30.8,5.2
94.94,103.6,6.88
63.93,120.4,3.8
43.44,103.6,6.92
92.77,162.4,3.9
148.89,0,1.44
41.92,28,1.85
178.54,159.6,5.16
47.43,0,4.47
125.09,39.2,6.49
12.17,50.4,6.16
129.1,145.6,4
26.25,89.6,2.33
130.73,64.4,1.37
15.48,30.8,6.34
109.58,28,1.68
62.8,47.6,1.1
161.87,126,2.89
40.6,58.8,3.53
164.04,5.6,1.22
20.92,36.4,3.36
165.18,22.4,1.58
17.48,5.6,3.05
105.22,170.8,2.1
54.16,22.4,1.31
113.93,53.2,2.74
35.82,53.2,2.05
182.65,120.4,4.46
51.9,0,3.37
176.3,58.8,3.3
12.25,58.8,4.98
182.26,33.6,6.49
69.54,117.6,4.19
121.18,162.4,6.58
14.95,33.6,6.96
176.36,5.6,1.94
8.15,78.4,2.95
49.75,117.6,1.92
54.78,123.2,2.34
14.34,11.2,5.68
32.04,162.4,2.85
30.14,145.6,6.83
90.16,137.2,6.14
14.72,44.8,1.29
42.84,98,1.18
42.73,14,6.18
41.77,137.2,5.96
124.52,98,3.56
65.23,19.6,4.18
14.28,103.6,5.53
147.14,8.4,3.39
147.84,159.6,2.79
43.41,134.4,2.18
52.41,81.2,4.23
95.71,50.4,4.47
111.27,117.6,2.38
74.18,137.2,2.39
57.12,123.2,6.73
29.53,148.4,5.38
59.99,137.2,3.31
26.43,16.8,2.72
70.62,159.6,2.74
65.1,98,6.8
78.98,148.4,1.41
153.84,2.8,4.78
43.41,30.8,5.46
64.9,109.2,5.64
65.9,50.4,1.22
51.71,109.2,3.17
50.46,126,3.35
53.81,126,1.45
118.34,50.4,6.89
15.48,92.4,5.78
48.79,58.8,3.4
47.83,39.2,4.58
10.59,103.6,3.69
52.19,58.8,1.6
25.27,117.6,3.75
40.97,39.2,6.86
128.23,58.8,4.6
35.17,72.8,5.01
80.06,28,4.17
121.84,159.6,3.94
116.68,30.8,3.66
25.12,148.4,4.41
56.89,159.6,4.44
18.31,109.2,5.4
84.23,28,3.85
84.6,120.4,4.1
110.24,148.4,3.21
16.95,148.4,5.62
37.53,58.8,3.07
48.87,30.8,4.16
37,16.8,3.7
3.76,148.4,4.42
100.24,95.2,5.39
69.41,19.6,3.15
121.88,19.6,6.33
131.66,159.6,4.28
61.71,131.6,4.37
61.9,109.2,3
87.65,50.4,6.72
122.63,120.4,1.64
163.77,170.8,5
57.35,120.4,6.58
51.67,117.6,4.75
8.18,148.4,6.7
36.11,81.2,2.01
20.92,16.8,5.51
66.2,159.6,4.42
36.23,162.4,5.55
12.55,44.8,2.17
150.89,92.4,2.24
29.15,16.8,3.94
130.7,78.4,4.27
146.51,16.8,1.07
115.86,170.8,2.15
61.33,159.6,4.87
41.87,170.8,5
16.08,78.4,2.76
82.14,117.6,4.52
6.64,39.2,6.84
23.71,109.2,6.58
30.75,140,1.47
32.62,95.2,2.31
48.08,128.8,3.9
21.13,14,5.64
20.77,159.6,5.93
139.92,106.4,2.27
54.59,28,3.79
143.01,50.4,5.52
132.57,128.8,2.15
47.57,159.6,3.06
11.37,117.6,4.88
81.23,50.4,6.42
136.36,22.4,3.3
34.83,42,1.43
100.32,131.6,4.97
89.48,154,4.81
24.33,145.6,2.54
48.32,131.6,3.55
16.83,16.8,1.04
41.78,162.4,6.76
30.84,42,1.61
41.6,159.6,5.97
99.95,78.4,2.51
38.19,42,5.45
44.13,58.8,4.66
142.64,98,2.28
133.25,84,3.53
46.58,47.6,4.73
33.09,16.8,3.91
52.62,148.4,4.22
134.99,16.8,2.97
95.45,142.8,6.93
134.13,162.4,2.36
22.33,128.8,6.11
56.84,148.4,1.51
13.8,30.8,1.68
94.85,95.2,5.39
27.21,137.2,5.14
84.17,39.2,2.61
44.84,131.6,1.67
21.03,95.2,5.87
13.19,36.4,3.27
56.42,117.6,6.4
13.46,100.8,6.74
26.35,100.8,1.98
12.42,33.6,2.53
96.84,100.8,6.97
35.41,33.6,1.69
97.86,72.8,1.21
31.23,33.6,4.18
94.81,112,3.69
7.77,100.8,5.69
39.61,44.8,4.92
61.1,53.2,4.75
39.85,36.4,6.21
55.32,53.2,5.78
63.3,36.4,3.63
65.85,53.2,3.44
62.5,50.4,3.4
49.08,86.8,4.5
112.09,145.6,2.23
44.59,117.6,5.16
159.74,75.6,4.75
11.62,42,3.26
173.44,53.2,5.74
79.5,131.6,5.63
108.15,33.6,3.59
44.53,44.8,1.14
113.65,117.6,1.44
99.3,89.6,3.5
161.81,81.2,1.64
66.18,33.6,3.69
80.39,148.4,6.29
27.16,44.8,1.53
57.31,128.8,6.93
51.48,44.8,4.88
109.01,128.8,1.47
37.21,170.8,4.66
156.54,81.2,5.27
6.21,42,5.41
183.45,95.2,1.43
70.23,148.4,4.17
168.88,30.8,3.9
59.58,0,1.75
132.31,53.2,6.92
34.23,126,6.08
162.58,61.6,5.76
74.82,142.8,3.46
168.34,61.6,1.38
7.72,151.2,4.37
107.02,16.8,5.5
63.9,47.6,6.32
146.93,30.8,1.82
88.33,19.6,4.99
30.98,61.6,3.64
60.94,30.8,6.69
38.19,30.8,5.22
125.51,134.4,6.37
105.36,78.4,6.05
31.64,170.8,5.57
151.09,112,5.01
8.49,44.8,4.06
183.32,25.2,3.21
54.14,162.4,5.58
179.46,92.4,5.94
51.32,2.8,5.94
0,154,4
179.18,53.2,3.86
173.21,14,1.22
22.84,78.4,1.34
174.46,170.8,6.26
70.71,22.4,1.63
165.78,44.8,3.28
34.19,151.2,2.66
162.74,159.6,6.35
27.25,30.8,1.84
120.79,2.8,5
76.57,137.2,6.33
129.35,78.4,1.35
10.76,95.2,6.8
103.75,19.6,3.55
69.37,64.4,1.9
105.8,142.8,3.47
60.12,95.2,1.42
174.43,14,6.54
11.1,78.4,4.98
180.27,173.6,5.41
45.71,19.6,6.9
176.01,44.8,5.03
13.19,154,5.03
115.82,154,5.15
34.24,50.4,4.43
108.68,2.8,5.69
82.9,137.2,2.25
123.3,78.4,6.05
24.72,92.4,4.39
97.94,16.8,5.02
51.31,47.6,6.4
130.24,159.6,1.42
49.29,95.2,4.28
130.5,2.8,6
17.61,162.4,2.39
113.48,176.4,2
23.23,8.4,5.46
160.2,16.8,6.27
50.55,176.4,4.74
173.64,165.2,2.11
61.33,0,1.13
135.46,0,4.21
46.18,109.2,4.31
124.35,148.4,5.32
28.24,47.6,3.93
94.62,44.8,1.75
95.07,120.4,2.33
94.86,134.4,3.72
42.66,53.2,6.88
137.2,8.4,6.06
29.02,117.6,1.3
114.09,154,1.73
49.36,50.4,3.74
83.42,42,2.54
78.59,123.2,2.81
137.14,165.2,4.45
41.03,53.2,1.63
125.79,2.8,4.71
44.41,165.2,5.47
115.48,176.4,5.66
28.32,2.8,3.62
161.98,19.6,6.8
44.99,173.6,1.84
163.39,176.4,3.06
75.6,5.6,2.75
145.14,0,3.75
23.68,58.8,5.06
168.71,148.4,5.49
53.36,5.6,6.77
182.39,47.6,1.61
24.16,106.4,2.44
110.78,151.2,3.34
46.43,72.8,1.28
103.48,0,6.04
69.5,145.6,4.16
116.72,78.4,4.32
18.21,89.6,6
111.35,0,6.61
75.12,81.2,4.36
140.97,159.6,4.95
47.81,89.6,1.8
156.68,0,5.4
16.52,67.2,1.93
154.58,154,3.12
55.27,0,4.31
169.06,44.8,2.22
21.93,106.4,2.23
133.1,145.6,5.27
47.71,72.8,1.55
119.64,5.6,1.34
44.3,128.8,3.78
121.04,78.4,2.26
44.02,98,6.23
120.98,5.6,6.44
81.06,58.8,4.85
120.04,148.4,2.24
44.04,89.6,3.77
148.99,2.8,4.85
23.29,81.2,2.64
159.11,154,3.43
50.31,2.8,1.01
183.17,50.4,1.92
16.6,106.4,5.33
97.26,154,1.52
40.18,72.8,6.25
98.94,0,4.54
66.08,131.6,1.91
113.33,81.2,6.98
13.18,86.8,1.86
114.37,2.8,4.42
71.49,72.8,1.52
113.72,134.4,3.27
84.03,98,2.94
174.33,11.2,2.02
49.88,165.2,2.99
123.35,176.4,1.54
3.1,5.6,3.5
166.47,16.8,1.17
50.19,173.6,5.4
175.75,165.2,4.67
45.37,5.6,2.53
171.52,5.6,4.84
49.87,120.4,2.14
109.46,126,4.14
21.82,30.8,3.04
135.82,50.4,5.39
88.68,117.6,5.86
171.98,131.6,2.52
45.67,44.8,3.11
159.08,5.6,4.96
4,154,6.57
131.22,173.6,6.54
6.6,5.6,3.54
147.58,16.8,6.52
88.03,165.2,6.51
172.68,173.6,5.16
47.9,5.6,1.54
169.48,5.6,2.04
32.61,128.8,3.43
111.62,140,3.01
18.16,47.6,4.29
85.96,42,5.27
70.59,128.8,4.07
160.08,148.4,4.82
43.64,42,3.8
150.33,0,6.35
10.57,154,2.62
124.89,176.4,6.41
6.9,11.2,2.1
154.1,16.8,6.1
86.2,165.2,1.83
174.2,156.8,6.91
49.44,5.6,3.92
162.08,0,5.89
43.69,120.4,6.18
127.73,128.8,2.64
29.09,30.8,4.7
104.74,44.8,3.27
64.42,126,4.82
166.31,126,4.12
48.78,44.8,2.7
169.2,0,3.33
128.62,14,4.02
136.5,2.8,5.31
139.67,0,5.47
126.65,0,4.14
26.7,159.6,4.21
23.72,92.4,1
18.22,154,6.96
13.17,92.4,2.31
23.39,117.6,1.88
137.76,173.6,1.93
169.09,159.6,1.68
128.56,173.6,2.66
177.84,173.6,2.43
139.69,173.6,3.83
9,11.2,5.34
58.07,16.8,3.88
36.59,2.8,4.32
52.61,19.6,4.12
48.91,14,2.36
82.37,165.2,3.83
28.33,100.8,5.69
75.96,165.2,6.41
22.57,148.4,2.55
63.59,148.4,3.54
181.11,156.8,3.38
115.48,156.8,2.46
166.31,173.6,3.14
162,156.8,3.25
165.25,156.8,2.36
37.92,11.2,3.69
28.41,75.6,3.04
63.18,2.8,4.57
17.14,47.6,1.02
40.11,47.6,5.3
29.6,126,2.97
24.74,140,1.2
32.41,123.2,6.78
17.97,140,6.77
42.17,123.2,4.87
118.2,123.2,5.27
118.07,92.4,4.77
124.69,156.8,1.14
136.97,98,1.23
97.4,126,6.6
25.52,53.2,4.1
25.93,81.2,4.21
11.09,47.6,6.05
15.71,81.2,2.72
16.48,75.6,3.81
96.37,44.8,3.07
121.72,11.2,5.08
99.44,44.8,5.3
112.57,19.6,4.67
91.23,42,2.23
126.37,16.8,2.78
170.19,42,3.63
170.47,19.6,5.87
173.82,42,5.65
163.66,42,6.53
81.43,114.8,6.87
55.89,92.4,4.46
76.92,123.2,1.67
80.01,95.2,3.04
64.28,114.8,4.02
164.89,134.4,1.07
142.58,148.4,3.88
111.37,156.8,4.11
147.88,156.8,3.52
152.31,148.4,3.28
75.89,50.4,5.34
48.55,78.4,2
37.87,53.2,3.16
42.03,78.4,2.37
40.65,61.6,3.66
159.02,19.6,1.69
143.54,11.2,6.3
140.92,5.6,6.11
182.21,5.6,6.65
153.44,5.6,5.64
93.46,42,4.61
20.09,67.2,1.4
126.36,173.6,2.2
34.73,44.8,2.18
120.82,19.6,1.06
23.04,134.4,6.21
125.71,128.8,2.02
21.52,53.2,4
178.93,8.4,6.72
59.72,162.4,4.57
171.43,70,2.95
28.58,89.6,3.71
133.1,33.6,4.48
57.69,44.8,4.63
165.65,162.4,5.15
67.12,95.2,1.46
121.04,47.6,4.52
25.15,75.6,3.26
142.4,137.2,4.57
45.41,47.6,1.17
122.25,25.2,5.62
36.04,128.8,1.51
116.99,134.4,6.53
29.62,53.2,2.65
176.68,8.4,2.25
51.98,128.8,3.72
179.84,75.6,1.22
56.61,95.2,3.51
160.33,36.4,6.21
50.84,67.2,4.86
169.45,173.6,3.23
68.96,103.6,4.14
180.33,11.2,1.56
28.23,162.4,3.81
159.16,134.4,3.01
16.01,44.8,6.75
127.71,47.6,2.26
34.89,162.4,1.34
147.08,173.6,3.52
37.99,44.8,1.62
130.97,67.2,3.56
21.28,162.4,3.01
141.31,170.8,2.75
14.36,67.2,2.16
169.38,47.6,3.08
65.83,162.4,3.57
117.93,168,2.21
49.54,53.2,5.78
127.59,53.2,4.72
46.51,131.6,1.81
138.57,170.8,2.74
16.46,36.4,4.46
158.05,47.6,5.42
64.29,162.4,1.54
140.83,162.4,2.22
24.13,56,1.49
176.35,11.2,3.98
26.1,162.4,2.13
150.71,170.8,6.93
33.84,25.2,2.55
102.28,42,3.71
34.69,168,1.62
146,162.4,3.47
38.92,19.6,2.56
149.84,11.2,3.85
19.49,84,3.6
114.12,151.2,5.11
71.39,11.2,6.68
137.13,42,5.15
55.2,112,1.95
167.42,154,1.49
18.45,67.2,1.64
162.41,14,1.98
94.54,165.2,4.51
147.98,84,1.45
50.02,92.4,1.47
168.78,19.6,1.69
69.29,53.2,6.35
152.36,165.2,3.73
90.29,98,6.58
158.96,11.2,6.93
14.99,70,5.28
94.29,154,2.97
65.7,11.2,5.69
142.28,42,2.51
26.6,106.4,6.77
168.91,154,1.15
26.09,64.4,1.83
151.97,14,5.68
99.05,165.2,2.13
142.91,75.6,5.45
86.97,98,3.32
176.34,19.6,4.19
60.33,70,3.43
171.68,165.2,1.96
63.94,103.6,5.02
133.58,8.4,3.62
23.09,84,1.95
112.63,170.8,3.23
62.46,0,3.68
153.32,44.8,5.11
41.91,112,1.59
184.76,165.2,2.18
19.49,64.4,6.6
167.43,14,1.35
101.18,165.2,6.95
161.66,64.4,3.37
68.58,95.2,4.22
154.64,25.2,4.24
100.18,50.4,3.06
91.43,168,2.78
81.26,109.2,1.44
170.27,50.4,2.37
29.04,154,3.09
170.8,162.4,1.79
30.27,19.6,2.75
143.5,14,3.9
55.69,170.8,6.47
100.11,170.8,5.11
52.87,14,5.34
148.53,50.4,2.76
28.72,168,5.97
144.06,170.8,6.65
28.02,67.2,3.64
175.57,50.4,1.7
76.39,168,1.49
112.97,168,1.45
31.66,67.2,4.41
154.44,42,5.9
42.25,151.2,3.06
172.59,162.4,3.75
33.02,19.6,5.9
168.23,11.2,6.1
35.86,154,3.76
96.77,170.8,3.34
34.77,11.2,3.15
126.44,67.2,4.53
71.01,165.2,4.95
156.77,168,6.2
23.5,67.2,4.52
161.18,53.2,3.92
93.67,159.6,4.99
114.42,168,1.42
48.52,67.2,2.32
147.27,44.8,6.05
35.92,159.6,5.68
176.59,159.6,1.95
48.36,22.4,2.05
160.71,19.6,1.27
53.85,170.8,1.84
107.88,173.6,4.64
41.99,5.6,3.38
123.23,53.2,4.36
27.11,168,1.61
150.6,173.6,4.72
20.29,75.6,4.86
158.13,53.2,3.05
88.57,159.6,5.1
156.09,165.2,1.41
50.8,72.8,5.49
132.91,36.4,1.2
142.52,16.8,3.99
139.23,53.2,6.75
170.84,8.4,3.98
148.65,22.4,1.67
32.13,154,3.73
31.42,86.8,5.61
30.91,159.6,5.01
33.77,92.4,1.26
54.34,137.2,5.65
170.77,159.6,5.82
139.09,159.6,1.88
161.24,173.6,5.07
150.63,159.6,4.32
159.68,159.6,3.06
40.7,16.8,2.45
72.25,16.8,3.01
28.2,19.6,2.07
31.11,39.2,4.22
43.15,16.8,4.35
36.31,168,3.69
34.14,117.6,3.54
50.63,159.6,6.26
37.55,128.8,5.69
45.31,151.2,2.59
112.52,173.6,6.18
162.54,154,4.88
131.99,168,5.56
104,126,5.46
98.78,154,5.09
49.99,8.4,6.15
17.93,64.4,1.56
49,28,5.59
45.33,50.4,4.03
34.65,47.6,1.51
52.87,165.2,2.63
78.12,162.4,5.5
24.29,162.4,1.81
52.56,162.4,1.58
69.47,165.2,1.54
155.32,173.6,1.15
159.98,92.4,3.93
154.62,176.4,2.8
171.11,120.4,4.75
148.71,142.8,4.57
30.96,64.4,1.25
61.95,78.4,6.31
18.54,61.6,4.73
44.9,86.8,4.18
27.92,64.4,3.04
174.36,47.6,6.65
165.87,28,4.09
163.47,47.6,5.91
160.26,39.2,6.71
162.45,42,1.21
166.12,8.4,4.72
134.39,44.8,3.14
136.86,47.6,2.98
130.04,19.6,3.5
120.23,44.8,2.75
101.62,162.4,5.66
60.35,92.4,4.73
69.4,162.4,4.4
74.85,114.8,6.58
45.93,140,6.19
143.52,173.6,3.56
101.1,168,5.56
126.27,168,5.72
176.75,168,5.35
120.14,168,6.13
59.52,72.8,2.16
57.89,84,3.71
34.62,61.6,2.07
58.02,86.8,1.14
61.68,72.8,4.24
137.53,44.8,5.37
150.53,8.4,4.65
170.49,14,2.72
108.01,44.8,6.3
139.84,47.6,3.61
112.99,39.2,1.68
32.57,126,1.66
111.54,131.6,5.39
70.74,50.4,2.21
80.14,89.6,6.07
73.66,145.6,3.58
91.32,128.8,1.61
94.37,50.4,1.34
114.32,145.6,3.56
36.08,75.6,5.96
42.77,67.2,5.75
68.3,114.8,6.55
78.25,75.6,4.52
44.4,78.4,4.15
59.24,64.4,4.41
54.39,131.6,4.82
137.95,19.6,4.3
33.79,30.8,4.4
112.71,89.6,3.2
58.21,14,2.85
132.83,58.8,2.56
30.4,36.4,1
108.06,89.6,4.65
50.52,36.4,1.61
140.1,58.8,2.13
16.61,64.4,1.32
129.74,36.4,3.17
71.27,64.4,4.31
102.71,86.8,3.36
32.99,58.8,4.54
139.66,22.4,3.54
46.06,36.4,4.46
143.2,22.4,3.62
23.18,33.6,1.43
110.82,134.4,2.9
32.17,47.6,2.48
121.24,58.8,6.99
53.1,50.4,3.45
138.6,103.6,6.24
61.61,33.6,2.16
142.23,58.8,2.86
29.49,72.8,5.68
111.74,33.6,2.78
69.51,78.4,2.43
130.48,114.8,1.18
28.74,58.8,4.25
136.8,25.2,4.53
66.11,58.8,4.01
22.89,22.4,5.92
20.61,0,5.64
10.73,0,5.53
18.33,50.4,5.41
0,25.2,5.08
4.63,28,6.63
111.09,36.4,4.1
33.37,106.4,1.53
121.58,120.4,1.05
72.95,50.4,2.94
155.53,11.2,1.52
96.01,123.2,6.37
109.27,142.8,4.33
109.41,50.4,5.06
107.13,56,2.26
59.21,131.6,2.5
132.74,109.2,4.41
36.39,25.2,3.91
144.94,64.4,5.81
104.59,137.2,3.32
125.37,137.2,6.88
90.53,22.4,6.28
76.57,42,3.71
158.96,22.4,6.22
21.2,123.2,6.74
3.95,126,6.85
5.2,123.2,4.36
140.94,126,4.89
14.54,123.2,6.66
34.9,106.4,6.13
120.26,120.4,1.32
56.55,50.4,5.95
153.69,11.2,1.84
94.95,123.2,1.06
132.91,151.2,4
103.24,50.4,6.17
109.39,56,3.94
71.72,137.2,2.46
126.39,109.2,6.35
53.03,30.8,4.38
162.4,70,3.18
86.26,145.6,4.16
106.34,151.2,4.44
84.24,25.2,6.04
86.78,39.2,4.25
21.77,56,2.36
128.69,151.2,4.22
86.94,109.2,5.16
136.87,134.4,4.59
89.07,78.4,3.8
148.12,109.2,6.11
65.6,39.2,3.11
157.19,137.2,3.58
146.79,106.4,1.69
155.43,70,1.21
68.23,70,5.33
116.91,162.4,4.27
68.26,78.4,1.25
101.25,42,1.03
77.87,78.4,4.66
135.95,126,4.99
81.73,106.4,6.03
42.41,106.4,5.12
76.02,84,2.67
31.88,84,3.16
47.36,95.2,1.93
115.09,117.6,3.38
79.04,100.8,6.36
141.5,117.6,5.28
45.41,95.2,1.95
102.77,112,6.49
48.94,106.4,3.77
99.87,106.4,3.87
41.91,95.2,3.5
98.5,112,4.27
73.1,103.6,4.45
126.83,106.4,5.67
90.02,103.6,4.92
109.26,112,4.13
77.55,103.6,1.97
118.69,112,2.11
42.85,92.4,3.53
37.4,103.6,6.04
36.91,44.8,1.08
35.68,142.8,6.37
30.52,131.6,5.56
40.86,70,6.69
56.28,98,3.78
102.94,128.8,6.07
73.56,70,2.22
156.64,70,5.76
47.53,106.4,1.41
98.58,134.4,5.86
79.52,103.6,3.7
101.84,70,3.16
75.24,134.4,4.04
124.08,114.8,6.4
25.83,70,1.39
90.27,86.8,2.39
89.06,128.8,2.26
113.66,114.8,3.8
53.25,70,2.89
92.03,70,4.79
50.55,78.4,3.51
110.13,131.6,1.41
73.01,72.8,2.16
145.7,114.8,1.91
61.13,61.6,3.86
117.91,137.2,1.41
59.36,61.6,1.77
121.32,128.8,4.39
44.03,75.6,1.97
88.42,151.2,3.18
78.45,86.8,5.43
132.5,106.4,2.24
20.27,70,5.56
99.39,156.8,1.15
75.84,78.4,2.03
117.46,114.8,6.62
61.6,19.6,3.63
57.31,36.4,5.99
52.71,103.6,2.7
104.44,134.4,1.11
12.54,61.6,1.93
57.96,22.4,2.67
52.98,61.6,6.38
113.6,142.8,2.15
68.3,106.4,6.96
165.47,137.2,2.02
87.44,92.4,6.32
144.92,98,5.6
76.49,33.6,3.21
168.62,137.2,5.79
134.74,106.4,5.18
143.38,70,6.2
80.85,92.4,6.59
120.85,137.2,4.52
71.94,78.4,1.65
100.2,36.4,5.73
54.05,75.6,3.54
141.89,123.2,2.4
178,128.8,6.18
148.52,19.6,1.51
165.71,56,6.54
174.38,70,4.54
161.11,112,5.25
169.61,67.2,1.66
169.8,100.8,1.83
129.35,112,1.22
172.34,103.6,1.07
173.41,103.6,5.17
33.4,0,3.47
58.45,134.4,4.32
0,103.6,6.64
26.25,0,1.88
64.24,128.8,1.86
19.81,103.6,4.25
36.87,0,4.16
28.65,56,6.34
8.11,81.2,1.96
101.31,56,2.5
72.23,123.2,4.69
19.94,95.2,1.09
4.49,100.8,3.28
28.18,98,5.62
106.88,39.2,6.11
113.33,56,3.3
75.78,70,5.75
96.34,64.4,5.23
20.53,5.6,3.12
31.41,0,1.99
28.13,0,3.28
55.26,126,1.09
67.4,123.2,4.83
179.47,42,3.92
176.37,145.6,1.89
179.6,58.8,1.29
69.24,126,5.37
138.78,117.6,2.72
68.64,67.2,5.49
183.19,56,3.54
183.39,42,1.5
177.24,148.4,4.96
130.79,0,4.67
80.98,56,2.45
158.05,148.4,2.03
24.24,72.8,5.25
173.06,64.4,4.87
183.78,89.6,1.88
180.89,58.8,6.95
166.06,142.8,3.17
174.24,106.4,5.34
174.76,72.8,5.9
178.26,145.6,6.37
180.66,72.8,5.39
171.05,78.4,2.29
177.42,56,5.77
184,47.6,3.18
187.18,47.6,2.78
178.34,89.6,5.44
181.14,36.4,1.32
179.11,36.4,2.03
171.28,44.8,4.73
172.25,56,2.32
187.84,58.8,2.31
87.78,142.8,4.45
169.23,142.8,3.32
119.99,106.4,6.84
178.58,103.6,2.22
82.59,72.8,5.3
174.11,58.8,2.19
92.23,142.8,3.22
161.47,106.4,6.44
76.59,72.8,3.59
167.97,0,1.23
102.38,123.2,1.15
157.5,142.8,5.04
70.13,72.8,1.36
150.99,5.6,2.45
151.42,126,1.38
105.56,28,4.02
79.28,134.4,4.87
84.15,134.4,4.3
28.6,86.8,2.82
134.85,30.8,2.91
123.12,28,1.58
182.44,142.8,2.02
128.94,28,4.36
73.59,78.4,2.25
175.6,131.6,4.39
60.72,58.8,5.39
108.37,123.2,3.39
163.58,28,2.29
147.03,5.6,2.38
148.3,140,5.16
103.85,81.2,5.8
80.28,42,1.63
124.33,173.6,2.03
81.91,42,1.51
141.81,2.8,2.28
147.4,14,4.57
133.3,28,5.88
142.32,28,3.4
139.18,28,3.14
144.09,2.8,4.9
150.32,22.4,5.01
124.7,28,1.62
94.63,28,6.67
110.69,42,5.78
112.3,137.2,5.61
135.73,140,3.93
78.79,140,2.74
100.85,92.4,6.33
17.17,114.8,2.18
101.3,28,4.26
109.62,137.2,2.68
102.38,142.8,3.42
29.11,92.4,4.66
149.41,5.6,1.58
62.22,106.4,6.08
165.35,131.6,1.69
17.74,56,4.03
155.05,95.2,5.43
135.78,95.2,3.56
168.39,114.8,6.77
81.01,64.4,2.5
135.68,114.8,6.6
68.78,89.6,2.71
137.6,81.2,1.24
138.84,81.2,4.46
172.55,142.8,2.73
152.63,128.8,6.05
92.91,89.6,6.39
177.48,81.2,2.82
24.21,89.6,2.04
106.46,106.4,2.65
163.45,81.2,5.3
183.24,84,4.47
111.41,78.4,5.31
136.78,84,5.55
100.04,151.2,4.48
115.91,89.6,5.74
104.88,84,5.97
153.25,89.6,4.94
140,89.6,5.38
130.63,89.6,4.71
120.31,84,6.49
176.86,84,6.38
149.43,84,4.6
145.38,89.6,3.48
155.35,81.2,1.19
175.16,114.8,3.99
162.71,95.2,3.76
79.79,67.2,1.96
126.24,92.4,3.69
130.58,117.6,6.69
132.15,81.2,5.45
93.26,81.2,6.22
170.63,81.2,6.85
63.3,67.2,5.34
146.78,117.6,3.35
91.54,81.2,1.72
164.76,126,1.55
84.99,86.8,5.28
165.24,100.8,2.33
69.26,81.2,5.86
173.75,134.4,3.46
169.72,61.6,5.72
123.06,151.2,5.63
96.21,14,6.72
128.21,19.6,1.83
67.76,61.6,6.96
166.34,109.2,1.82
183.57,64.4,3.64
124.27,8.4,6.87
104.52,151.2,1.82
26.49,19.6,1.71
147.36,47.6,2.75
79.31,0,2.98
117.21,39.2,4.74
170.49,36.4,2.4
152.87,134.4,6.29
103.63,67.2,5.61
145.72,28,3.7
162.26,145.6,3.24
165.02,25.2,6.46
165.94,123.2,3.93
180.28,123.2,2.33
163.63,140,3.53
177.93,64.4,5.64
168.58,112,6.12
177.8,39.2,6.25
178.71,126,5.01
181.92,95.2,1.53
183.67,75.6,2.12
104.59,140,4.34
167.04,131.6,4.94
78.87,16.8,5.34
135.64,36.4,5.42
127.87,25.2,5.75
152.66,56,1.28
97.84,128.8,5.1
120.38,142.8,1.18
86.11,14,4.68
128.38,22.4,1.51
77.81,128.8,4.66
113.45,148.4,6.59
61.06,14,5.77
159.61,30.8,4.5
105.26,30.8,3.51
153.89,137.2,3.3
126.63,81.2,5.52
88.92,126,4.67
74.72,61.6,6.05
91.03,33.6,1.68
103.76,159.6,6.46
147.44,134.4,5.43
129.41,142.8,2.44
109.67,25.2,4.86
164.49,75.6,4.31
95.64,25.2,2.67
127.04,22.4,1.34
93.89,173.6,4.42
104.18,39.2,2.7
154.84,78.4,6.53
113.6,126,5.55
149.3,123.2,3.12
130.37,128.8,2.2
151.4,156.8,1.51
106.66,168,6.31
152.91,156.8,6.39
119.15,126,5.87
143.17,134.4,4.27
151.06,128.8,1.57
152.8,126,5.61
162.38,78.4,4.36
123.52,134.4,1.99
121.64,140,5.56
145.92,159.6,1.92
85.03,126,3.89
149.42,128.8,1.64
87.89,72.8,4.99
160.57,120.4,5.27
137.76,30.8,2.6
120.87,131.6,3.71
115.52,159.6,6.32
78.61,126,6.42
57.59,75.6,3.25
140.36,30.8,1.25
110.22,159.6,5.3
145.83,126,5.59
76.97,47.6,3.79
151.63,30.8,2.39
119.78,165.2,6.12
156.11,61.6,6.47
109.11,106.4,4.6
124.35,56,3.31
89.66,100.8,5.02
164.25,117.6,2
80.77,61.6,1.31
183.75,117.6,2.35
172.97,117.6,4.17
150.13,117.6,3.32
122.64,42,4.79
74.61,126,4
129.39,123.2,4.3
115.05,22.4,6.83
161.43,56,4.28
118.38,106.4,1.61
130.55,56,2
126.79,95.2,1.12
174.5,123.2,5.78
186.05,72.8,3.41
147.24,145.6,1.46
175.44,61.6,2.98
137.94,61.6,6.62
170.46,72.8,4.3
179.15,114.8,6.58
186.1,117.6,2.54
167.91,106.4,6.33
153.06,53.2,3.66
172.37,28,2.22
155.46,28,6.58
121.48,53.2,1.75
134.93,61.6,3.01
92.59,95.2,2.26
150.52,98,4.1
160.32,123.2,1.98
170.43,126,3.28
77.86,67.2,1.93
129.97,47.6,6.89
102.36,98,6.03
177.14,117.6,6.61
74.13,67.2,3.73
150.15,53.2,2.91
101.88,114.8,2.09
137.27,117.6,1.51
107.02,25.2,2.65
131.68,44.8,2.71
118.32,36.4,1.64
176.18,30.8,5.29
91.27,112,3.54
102.96,16.8,4.06
85.7,19.6,2.63
124.4,44.8,3.58
136.8,11.2,2.33
174.7,112,2.43
178.23,25.2,5.09
113.39,112,5.3
108.83,53.2,1.15
55.89,11.2,1.44
136.49,162.4,4.34
133.4,103.6,1.69
162.86,44.8,2.92
107.18,92.4,6.16
131.14,8.4,1.01
108.45,19.6,4.12
129.93,92.4,2.2
133.54,19.6,2.16
114.31,44.8,5.92
127.98,44.8,3.7
154.02,30.8,1.73
138.9,92.4,1.94
138.2,98,4.44
131.58,39.2,5.61
155.75,30.8,3.86
139.13,11.2,4.41
174.59,28,5.1
114.52,33.6,3.19
107.48,117.6,3.79
92.71,33.6,3.49
115.44,11.2,6.28
134.05,11.2,2.75
83.63,19.6,2.07
165.19,89.6,1.91
97.6,117.6,6.03
118.79,2.8,2
79.03,19.6,4.6
169.57,33.6,2.59
118.47,117.6,2.07
115.57,25.2,6.68
102.93,14,3.48
182.61,123.2,5.77
168.2,78.4,2.85
123.47,123.2,5.92
42.04,75.6,1.99
158.43,44.8,4.43
83.41,47.6,5.77
180.8,103.6,4.49
174.13,140,2.8
178.3,5.6,3.91
147.25,120.4,1.02
85.81,53.2,5.57
106.71,33.6,1.44
179.59,98,4.1
94.04,106.4,5.83
180.3,81.2,5.62
184.18,128.8,1.57
168.75,81.2,1.88
175.82,67.2,1.18
181.47,30.8,4.07
121.56,142.8,4.66
169.3,98,3.52
188.38,123.2,1.98
181.2,109.2,2.18
181.9,100.8,1.86
183.76,100.8,2.27
173.34,78.4,4.08
176.93,140,4.78
181.71,140,2.75
184.46,142.8,2.01
134.72,128.8,5.25
171.91,128.8,6.09
35.04,84,6.04
167.16,140,3.47
171.33,39.2,6.47
177,67.2,5.52
80.76,47.6,2.65
133.16,126,2.79
27.3,84,4.58
184.05,39.2,3.51
99.1,36.4,1.1
125.02,126,3.95
76.91,75.6,1.34
176.77,33.6,5.49
182.52,112,3.37
162.04,28,1.54
176.59,95.2,1.49
162.15,109.2,4.19
162.3,123.2,3.64
180.97,28,5.99
182.92,16.8,3.56
163.35,114.8,2.56
178.23,75.6,1.61
165.91,114.8,2.48
136.69,123.2,5.2
142.74,109.2,5.38
133.69,123.2,3
109.52,0,1.83
101.98,61.6,3.15
184.88,95.2,1.89
66.94,142.8,6.19
55.41,103.6,6.93
177.42,78.4,2.65
14.52,168,2.93
120.8,112,1.67
109.24,67.2,5.24
82.77,75.6,2.39
42.74,0,4.69
55.7,67.2,6.08
180.97,14,4.86
41.7,117.6,2.89
0,86.8,4.11
0,22.4,5.49
84.83,0,6.6
38.18,89.6,5.86
103.74,106.4,1.07
0,159.6,6.26
0,145.6,1.43
6.71,98,5.19
3.01,8.4,3.96
0,47.6,3.7
176.34,162.4,1.27
105.39,89.6,2.67
121.97,0,4.68
42.73,114.8,1.35
0,89.6,4.05
168.16,109.2,5.37
82.29,0,2.54
0,156.8,4.4
184.69,170.8,2.51
176.53,176.4,5.06
164.01,50.4,6.26
31.05,120.4,4.19
116.67,53.2,4.81
51.12,64.4,6.72
124.43,30.8,3.9
56.13,56,6.47
95.67,56,5.64
65.64,112,5.48
0,98,6.71
121.14,176.4,2.21
177.61,162.4,6.96
168.84,86.8,3.03
0,106.4,5.22
5.68,179.2,6.51
15.95,156.8,3.82
172.78,30.8,3.4
24.4,176.4,3.74
14.18,170.8,3.98
36.39,28,1.34
41.29,33.6,4.98
0,126,3.95
115.15,100.8,2.86
53.79,58.8,6.93
127.62,117.6,2.96
72.27,176.4,5.81
117.24,19.6,3.58
44.08,176.4,4.19
162.94,151.2,2.62
77.24,145.6,4.33
94.65,151.2,2.25
43.5,112,5.15
151.06,78.4,3.78
22.45,114.8,4.43
112.08,103.6,4.23
54.06,78.4,5.48
0,151.2,4
152.42,123.2,6.06
76.34,22.4,6.08
174.91,86.8,5.59
0,100.8,2.88
177.13,112,5.39
28.07,103.6,3.99
91.43,0,2.1
28.73,173.6,3.74
0,19.6,1.7
41.98,173.6,3.01
182.2,148.4,2.59
6.26,159.6,3.13
0,0,5.16
6.15,173.6,3.66
117.96,0,4.01
4.41,67.2,6.64
0,168,4.41
58.33,176.4,1.81
174.5,131.6,1.1
0,120.4,1.26
179.28,2.8,3.97
40.91,2.8,2.96
179.58,106.4,4.82
60.33,28,5.06
0,2.8,3.64
11.05,170.8,2.03
64.87,145.6,4.63
40.28,28,1.64
135.34,89.6,4.66
140.85,56,6.02
49.61,89.6,5.74
6.25,44.8,2.24
93.53,0,5.41
59.16,86.8,5.62
66.14,0,6.39
4.19,42,2.02
160.34,42,2.11
79.72,2.8,5.19
98.48,2.8,3.42
78.5,2.8,1.22
19.46,8.4,3.77
10.03,14,5.95
106.5,8.4,5.86
72.56,19.6,6.47
0,128.8,5.12
5.86,162.4,3.38
9.24,162.4,3.77
